{
  "method": "blockchain_only",
  "use_compression": true,
  "use_blockchain": true,
  "total_energy_kwh": 0.04344817405631311,
  "total_energy_kwh_std": 0.0025265576794863912,
  "total_energy_kwh_ci_lower": 0.04164078357191465,
  "total_energy_kwh_ci_upper": 0.04525556454071158,
  "total_energy_kwh_all_runs": [
    0.0405985368745517,
    0.0436124758557173,
    0.04124234853289139,
    0.04144329449428999,
    0.042448902904523494,
    0.04704249322434145,
    0.047136707097681085,
    0.046032003127470106,
    0.043924771170299526,
    0.04100020728136513
  ],
  "renewable_energy_kwh": 0.012842822194858907,
  "renewable_energy_kwh_std": 0.0019462266482674587,
  "renewable_energy_kwh_ci_lower": 0.01145057552140224,
  "renewable_energy_kwh_ci_upper": 0.014235068868315574,
  "renewable_energy_kwh_all_runs": [
    0.011565324816646141,
    0.014009160043070465,
    0.01108475164357338,
    0.010974525203269017,
    0.013999610488530127,
    0.012433116688909583,
    0.016970623785016486,
    0.012506161077354031,
    0.010778467996526608,
    0.014106480205693231
  ],
  "grid_energy_kwh": 0.03060535186145421,
  "grid_energy_kwh_std": 0.0024342568330406778,
  "grid_energy_kwh_ci_lower": 0.028863989424989255,
  "grid_energy_kwh_ci_upper": 0.03234671429791917,
  "grid_energy_kwh_all_runs": [
    0.029033212057905572,
    0.029603315812646844,
    0.030157596889317982,
    0.03046876929102097,
    0.0284492924159934,
    0.03460937653543188,
    0.030166083312664557,
    0.03352584205011608,
    0.03314630317377294,
    0.026893727075671878
  ],
  "renewable_percent": 29.549208942470738,
  "renewable_percent_std": 3.9695829853283837,
  "renewable_percent_ci_lower": 26.70954034002227,
  "renewable_percent_ci_upper": 32.38887754491921,
  "renewable_percent_all_runs": [
    28.487048319949704,
    32.12190954124417,
    26.877110634795994,
    26.480822379555452,
    32.97991121235381,
    26.429544517585747,
    36.002989665460454,
    27.168405082703956,
    24.53847273270407,
    34.405875338354015
  ],
  "total_carbon_gco2": 12.242140744581684,
  "total_carbon_gco2_std": 0.9737027332162711,
  "total_carbon_gco2_ci_lower": 11.545595769995703,
  "total_carbon_gco2_ci_upper": 12.938685719167665,
  "total_carbon_gco2_all_runs": [
    11.613284823162228,
    11.841326325058738,
    12.063038755727193,
    12.187507716408389,
    11.37971696639736,
    13.84375061417275,
    12.066433325065823,
    13.410336820046432,
    13.258521269509178,
    10.75749083026875
  ],
  "total_carbon_kg": 0.012242140744581685,
  "total_carbon_kg_std": 0.0009737027332162708,
  "total_carbon_kg_ci_lower": 0.011545595769995703,
  "total_carbon_kg_ci_upper": 0.012938685719167667,
  "total_carbon_kg_all_runs": [
    0.011613284823162229,
    0.011841326325058738,
    0.012063038755727194,
    0.01218750771640839,
    0.011379716966397361,
    0.01384375061417275,
    0.012066433325065823,
    0.013410336820046432,
    0.013258521269509178,
    0.010757490830268751
  ],
  "carbon_avoided_gco2": 5.137128877943562,
  "carbon_avoided_gco2_std": 0.7784906593069858,
  "carbon_avoided_gco2_ci_lower": 4.580230208560893,
  "carbon_avoided_gco2_ci_upper": 5.694027547326231,
  "carbon_avoided_gco2_all_runs": [
    4.6261299266584555,
    5.603664017228191,
    4.433900657429355,
    4.389810081307605,
    5.5998441954120395,
    4.973246675563826,
    6.788249514006604,
    5.0024644309416155,
    4.311387198610636,
    5.642592082277287
  ],
  "tasks_completed": 5000.0,
  "tasks_completed_std": 0.0,
  "tasks_completed_ci_lower": 5000.0,
  "tasks_completed_ci_upper": 5000.0,
  "tasks_completed_all_runs": [
    5000,
    5000,
    5000,
    5000,
    5000,
    5000,
    5000,
    5000,
    5000,
    5000
  ],
  "tasks_generated": 5000.0,
  "tasks_generated_std": 0.0,
  "tasks_generated_ci_lower": 5000.0,
  "tasks_generated_ci_upper": 5000.0,
  "tasks_generated_all_runs": [
    5000,
    5000,
    5000,
    5000,
    5000,
    5000,
    5000,
    5000,
    5000,
    5000
  ],
  "completion_rate": 1.0,
  "completion_rate_std": 0.0,
  "completion_rate_ci_lower": 1.0,
  "completion_rate_ci_upper": 1.0,
  "completion_rate_all_runs": [
    1.0,
    1.0,
    1.0,
    1.0,
    1.0,
    1.0,
    1.0,
    1.0,
    1.0,
    1.0
  ],
  "avg_latency_sec": 1.6718302377702365,
  "avg_latency_sec_std": 0.1549718583104497,
  "avg_latency_sec_ci_lower": 1.56097004869401,
  "avg_latency_sec_ci_upper": 1.7826904268464632,
  "avg_latency_sec_all_runs": [
    1.5328819038070896,
    1.8557474404997196,
    1.5292401482689044,
    1.5374057677126667,
    1.7276372333381296,
    1.6902571078835062,
    1.9678110608073054,
    1.722241504316435,
    1.4962035476485642,
    1.6588766634200467
  ],
  "std_latency_sec": 3.7824066815949893,
  "std_latency_sec_std": 0.21749812085739664,
  "std_latency_sec_ci_lower": 3.626817898800164,
  "std_latency_sec_ci_upper": 3.9379954643898145,
  "std_latency_sec_all_runs": [
    3.6915908020894213,
    4.07439370428394,
    3.5233034110459243,
    3.6192538035396513,
    3.8946652841837617,
    3.8298864481867927,
    4.055679434532198,
    3.9658050076568694,
    3.448396361108629,
    3.7210925593227024
  ],
  "max_latency_sec": 43.94455458161861,
  "max_latency_sec_std": 2.9992820195018073,
  "max_latency_sec_ci_lower": 41.798997475961336,
  "max_latency_sec_ci_upper": 46.090111687275886,
  "max_latency_sec_all_runs": [
    47.219896531675985,
    50.50389891602312,
    41.957845823853944,
    40.96131433760407,
    43.2395949533462,
    41.020021430978865,
    43.282456831683916,
    43.68568214371189,
    42.24517848388223,
    45.329656363425904
  ],
  "operational_cost_usd": 0.0036726422233745054,
  "operational_cost_usd_std": 0.0002921108199648813,
  "operational_cost_usd_ci_lower": 0.0034636787309987108,
  "operational_cost_usd_ci_upper": 0.0038816057157503,
  "operational_cost_usd_all_runs": [
    0.0034839854469486684,
    0.003552397897517621,
    0.0036189116267181577,
    0.0036562523149225165,
    0.003413915089919208,
    0.004153125184251825,
    0.0036199299975197465,
    0.004023101046013929,
    0.003977556380852753,
    0.0032272472490806254
  ],
  "carbon_credits_earned_usd": 5.137128877943563e-05,
  "carbon_credits_earned_usd_std": 7.784906593069888e-06,
  "carbon_credits_earned_usd_ci_lower": 4.580230208560893e-05,
  "carbon_credits_earned_usd_ci_upper": 5.694027547326234e-05,
  "carbon_credits_earned_usd_all_runs": [
    4.626129926658453e-05,
    5.603664017228178e-05,
    4.4339006574293556e-05,
    4.389810081307608e-05,
    5.5998441954120444e-05,
    4.973246675563832e-05,
    6.788249514006613e-05,
    5.002464430941607e-05,
    4.311387198610632e-05,
    5.6425920822773035e-05
  ],
  "net_cost_usd": 0.0036212709345950695,
  "net_cost_usd_std": 0.0002949367611699005,
  "net_cost_usd_ci_lower": 0.0034102858856623476,
  "net_cost_usd_ci_upper": 0.0038322559835277915,
  "net_cost_usd_all_runs": [
    0.0034377241476820837,
    0.0034963612573453394,
    0.003574572620143864,
    0.0036123542141094406,
    0.0033579166479650877,
    0.004103392717496187,
    0.0035520475023796804,
    0.003973076401704513,
    0.0039344425088666465,
    0.003170821328257852
  ],
  "blockchain_overhead": {
    "total_energy_kwh": 5.0,
    "energy_per_transaction_kwh": 0.001,
    "transactions": 5000,
    "blocks": 2,
    "carbon_credits_earned_usd": 4.626129926658453e-05,
    "carbon_avoided_gco2": 4.6261299266584555,
    "verified_renewable_kwh": 0.011565324816646145,
    "verification_premium_usd": 1.1565324816646145e-05,
    "blockchain_energy_cost_usd": 0.6,
    "blockchain_tx_fees_usd": 0.5,
    "blockchain_cost_usd": 1.1,
    "net_benefit_usd": -1.099942173375917,
    "roi_percent": -99.99474303417426
  },
  "node_stats": [
    {
      "node_id": "node_1",
      "name": "Solar Edge Node #1",
      "is_busy": false,
      "current_frequency": 1.5,
      "tasks_completed": 1248,
      "total_energy_kwh": 0.014888803687921294,