{
  "method": "blockchain_only",
  "use_compression": false,
  "use_blockchain": true,
  "total_energy_kwh": 0.02836977990150749,
  "renewable_energy_kwh": 0.012325578150202654,
  "grid_energy_kwh": 0.01604420175130484,
  "renewable_percent": 43.44615359369675,
  "total_carbon_gco2": 6.417680700521935,
  "total_carbon_kg": 0.006417680700521935,
  "carbon_avoided_gco2": 4.930231260081063,
  "tasks_completed": 1000,
  "tasks_generated": 1000,
  "completion_rate": 1.0,
  "avg_latency_sec": 0.5414297143260317,
  "std_latency_sec": 0.2045196997303223,
  "max_latency_sec": 0.8393036645520319,
  "operational_cost_usd": 0.0019253042101565806,
  "carbon_credits_earned_usd": 0.0002465115630040532,
  "net_cost_usd": 0.0016787926471525274,
  "blockchain_overhead": {
    "total_energy_kwh": 0.01,
    "energy_per_transaction_kwh": 1e-05,
    "transactions": 1000,
    "blocks": 2,
    "carbon_credits_earned_usd": 0.0002465115630040532,
    "carbon_avoided_gco2": 4.930231260081063,
    "verified_renewable_kwh": 0.01232557815020266,
    "verification_premium_usd": 2.465115630040532e-07,
    "blockchain_cost_usd": 0.00010999999999999999,
    "net_benefit_usd": 0.00013675807456705726
  },
  "node_stats": [
    {
      "node_id": "node_1",
      "name": "Solar Edge Node #1",
      "is_busy": false,
      "current_frequency": 2.4,
      "tasks_completed": 250,
      "total_energy_kwh": 0.0066520322994543316,
      "renewable_energy_kwh": 0.0029187178572960544,
      "grid_energy_kwh": 0.003733314442158277,
      "renewable_percent": 43.87708486525956,
      "avg_task_time": 0.5396578316177034
    },
    {
      "node_id": "node_2",
      "name": "Wind Edge Node #2",
      "is_busy": false,
      "current_frequency": 2.2,
      "tasks_completed": 250,
      "total_energy_kwh": 0.005919438830087707,
      "renewable_energy_kwh": 0.005919438830087707,
      "grid_energy_kwh": 0.0,
      "renewable_percent": 100.0,
      "avg_task_time": 0.53358321848678
    },
    {
      "node_id": "node_3",
      "name": "Solar Edge Node #3",
      "is_busy": false,
      "current_frequency": 3.0,
      "tasks_completed": 250,
      "total_energy_kwh": 0.008314661410097172,
      "renewable_energy_kwh": 0.003487421462818894,
      "grid_energy_kwh": 0.004827239947278277,
      "renewable_percent": 41.94303641256917,
      "avg_task_time": 0.5405468365932247
    },
    {
      "node_id": "node_4",
      "name": "Grid-Only Node #4",
      "is_busy": false,
      "current_frequency": 2.6,
      "tasks_completed": 250,
      "total_energy_kwh": 0.007483647361868283,
      "renewable_energy_kwh": 0.0,
      "grid_energy_kwh": 0.007483647361868283,
      "renewable_percent": 0.0,
      "avg_task_time": 0.551930970606419
    }
  ],
  "scheduler_stats": {}
}