{
  "method": "compression_only",
  "use_compression": true,
  "use_blockchain": false,
  "total_energy_kwh": 0.10778754568939579,
  "total_energy_kwh_std": 0.0032216039044130392,
  "total_energy_kwh_ci_lower": 0.10548294908801492,
  "total_energy_kwh_ci_upper": 0.11009214229077666,
  "total_energy_kwh_all_runs": [
    0.10814525336990632,
    0.1091224923680101,
    0.10449402519329537,
    0.10155461483545057,
    0.10593299614274865,
    0.10670164222369623,
    0.10952002402218214,
    0.10966275708315262,
    0.11294968797215654,
    0.10979196368335942
  ],
  "renewable_energy_kwh": 0.02126644645974283,
  "renewable_energy_kwh_std": 0.0033291868648308836,
  "renewable_energy_kwh_ci_lower": 0.018884889644660386,
  "renewable_energy_kwh_ci_upper": 0.02364800327482527,
  "renewable_energy_kwh_all_runs": [
    0.020088520527362867,
    0.02684127371735759,
    0.018724704645656735,
    0.019672220885522715,
    0.023664504190129568,
    0.01849471266895305,
    0.025525220887740653,
    0.019892094747553733,
    0.016641558962030643,
    0.023119653365120726
  ],
  "grid_energy_kwh": 0.08652109922965293,
  "grid_energy_kwh_std": 0.0044233579171781565,
  "grid_energy_kwh_ci_lower": 0.08335681959594134,
  "grid_energy_kwh_ci_upper": 0.08968537886336451,
  "grid_energy_kwh_all_runs": [
    0.08805673284254342,
    0.08228121865065235,
    0.0857693205476386,
    0.08188239394992777,
    0.08226849195261904,
    0.08820692955474316,
    0.08399480313444141,
    0.08977066233559888,
    0.09630812901012589,
    0.08667231031823872
  ],
  "renewable_percent": 19.737266265083136,
  "renewable_percent_std": 3.037384367285722,
  "renewable_percent_ci_lower": 17.56445238180427,
  "renewable_percent_ci_upper": 21.910080148362002,
  "renewable_percent_all_runs": [
    18.575499063884866,
    24.597379637221582,
    17.919402196459902,
    19.37107527550344,
    22.339124778686305,
    17.33310967246365,
    23.306442009701154,
    18.139334881458797,
    14.733603306751045,
    21.057691828700616
  ],
  "total_carbon_gco2": 34.608439691861165,
  "total_carbon_gco2_std": 1.7693431668712627,
  "total_carbon_gco2_ci_lower": 33.342727838376526,
  "total_carbon_gco2_ci_upper": 35.8741515453458,
  "total_carbon_gco2_all_runs": [
    35.222693137017366,
    32.91248746026094,
    34.30772821905544,
    32.75295757997111,
    32.907396781047616,
    35.28277182189726,
    33.59792125377656,
    35.908264934239554,
    38.52325160405036,
    34.66892412729548
  ],
  "total_carbon_kg": 0.03460843969186117,
  "total_carbon_kg_std": 0.0017693431668712634,
  "total_carbon_kg_ci_lower": 0.03334272783837653,
  "total_carbon_kg_ci_upper": 0.03587415154534581,
  "total_carbon_kg_all_runs": [
    0.03522269313701737,
    0.03291248746026094,
    0.03430772821905544,
    0.03275295757997111,
    0.032907396781047614,
    0.03528277182189726,
    0.033597921253776565,
    0.035908264934239556,
    0.03852325160405036,
    0.03466892412729548
  ],
  "carbon_avoided_gco2": 0.0,
  "carbon_avoided_gco2_std": 0.0,
  "carbon_avoided_gco2_ci_lower": NaN,
  "carbon_avoided_gco2_ci_upper": NaN,
  "carbon_avoided_gco2_all_runs": [
    0.0,
    0.0,
    0.0,
    0.0,
    0.0,
    0.0,
    0.0,
    0.0,
    0.0,
    0.0
  ],
  "tasks_completed": 5000.0,
  "tasks_completed_std": 0.0,
  "tasks_completed_ci_lower": NaN,
  "tasks_completed_ci_upper": NaN,
  "tasks_completed_all_runs": [
    5000,
    5000,
    5000,
    5000,
    5000,
    5000,
    5000,
    5000,
    5000,
    5000
  ],
  "tasks_generated": 5000.0,
  "tasks_generated_std": 0.0,
  "tasks_generated_ci_lower": NaN,
  "tasks_generated_ci_upper": NaN,
  "tasks_generated_all_runs": [
    5000,
    5000,
    5000,
    5000,
    5000,
    5000,
    5000,
    5000,
    5000,
    5000
  ],
  "completion_rate": 1.0,
  "completion_rate_std": 0.0,
  "completion_rate_ci_lower": NaN,
  "completion_rate_ci_upper": NaN,
  "completion_rate_all_runs": [
    1.0,
    1.0,
    1.0,
    1.0,
    1.0,
    1.0,
    1.0,
    1.0,
    1.0,
    1.0
  ],
  "avg_latency_sec": 5.128664024701504,
  "avg_latency_sec_std": 0.26598233537987964,
  "avg_latency_sec_ci_lower": 4.9383917242166,
  "avg_latency_sec_ci_upper": 5.3189363251864075,
  "avg_latency_sec_all_runs": [
    5.042392724771688,
    5.411103743256806,
    4.926202032010735,
    4.775615537619867,
    5.326292623419791,
    4.742987316027872,
    5.426161615170325,
    5.0325849604326205,
    5.162936796262248,
    5.4403628980430865
  ],
  "std_latency_sec": 10.179065968460943,
  "std_latency_sec_std": 0.30345136953272867,
  "std_latency_sec_ci_lower": 9.961989935634087,
  "std_latency_sec_ci_upper": 10.3961420012878,
  "std_latency_sec_all_runs": [
    10.141476338566743,
    10.359765703710393,
    9.986374498759453,
    9.78867443131061,
    10.315552438299127,
    9.670986579196118,
    10.38468640080701,
    10.082723308811572,
    10.407318719856299,
    10.653101265292117
  ],
  "max_latency_sec": 57.45504426749373,
  "max_latency_sec_std": 6.281061687436653,
  "max_latency_sec_ci_lower": 52.961843412447145,
  "max_latency_sec_ci_upper": 61.94824512254032,
  "max_latency_sec_all_runs": [
    51.745221623279534,
    63.00734307173282,
    56.582645533830686,
    60.88269621263592,
    53.087598049592614,
    48.59348897298989,
    69.40384131746504,
    52.03424287571295,
    59.37650037734927,
    59.83686464034864
  ],
  "operational_cost_usd": 0.010382531907558352,
  "operational_cost_usd_std": 0.0005308029500613786,
  "operational_cost_usd_ci_lower": 0.010002818351512961,
  "operational_cost_usd_ci_upper": 0.010762245463603742,
  "operational_cost_usd_all_runs": [
    0.01056680794110521,
    0.009873746238078282,
    0.010292318465716632,
    0.009825887273991333,
    0.009872219034314284,
    0.010584831546569178,
    0.01007937637613297,
    0.010772479480271865,
    0.011556975481215107,
    0.010400677238188645
  ],
  "carbon_credits_earned_usd": 0.0,
  "carbon_credits_earned_usd_std": 0.0,
  "carbon_credits_earned_usd_ci_lower": NaN,
  "carbon_credits_earned_usd_ci_upper": NaN,
  "carbon_credits_earned_usd_all_runs": [
    0.0,
    0.0,
    0.0,
    0.0,
    0.0,
    0.0,
    0.0,
    0.0,
    0.0,
    0.0
  ],
  "net_cost_usd": 0.010382531907558352,
  "net_cost_usd_std": 0.0005308029500613786,
  "net_cost_usd_ci_lower": 0.010002818351512961,
  "net_cost_usd_ci_upper": 0.010762245463603742,
  "net_cost_usd_all_runs": [
    0.01056680794110521,
    0.009873746238078282,
    0.010292318465716632,
    0.009825887273991333,
    0.009872219034314284,
    0.010584831546569178,
    0.01007937637613297,
    0.010772479480271865,
    0.011556975481215107,
    0.010400677238188645
  ],
  "blockchain_overhead": {},
  "node_stats": [
    {
      "node_id": "node_1",
      "name": "Solar Edge Node #1",
      "is_busy": false,
      "current_frequency": 1.5,
      "tasks_completed": 1244,
      "total_energy_kwh": 0.03471902877395869,
      "renewable_energy_kwh": 0.019455079040389893,
      "grid_energy_kwh": 0.015263949733568762,
      "renewable_percent": 56.03578132053725,
      "avg_task_time": 6.449745947632844
    },
    {
      "node_id": "node_2",
      "name": "Grid-Only Node #2",
      "is_busy": false,
      "current_frequency": 2.4,
      "tasks_completed": 1243,
      "total_energy_kwh": 0.036442718981735955,
      "renewable_energy_kwh": 0.0,
      "grid_energy_kwh": 0.036442718981735955,
      "renewable_percent": 0.0,
      "avg_task_time": 1.5898892032861167
    },
    {
      "node_id": "node_3",
      "name": "Wind Edge Node #3",
      "is_busy": false,
      "current_frequency": 1.4,
      "tasks_completed": 1246,
      "total_energy_kwh": 0.01073344148697297,
      "renewable_energy_kwh": 0.000633441486972973,
      "grid_energy_kwh": 0.010099999999999994,
      "renewable_percent": 5.901569293891173,
      "avg_task_time": 0.24717834119690413
    },
    {
      "node_id": "node_4",
      "name": "Grid-Only Node #4",
      "is_busy": false,