{
  "method": "ecochain_ml",
  "use_compression": true,
  "use_blockchain": true,
  "total_energy_kwh": 0.016604979328258714,
  "renewable_energy_kwh": 0.011492709845597424,
  "grid_energy_kwh": 0.00511226948266129,
  "renewable_percent": 69.21243091244854,
  "total_carbon_gco2": 2.044907793064516,
  "total_carbon_kg": 0.0020449077930645163,
  "carbon_avoided_gco2": 4.597083938238976,
  "tasks_completed": 1000,
  "tasks_generated": 1000,
  "completion_rate": 1.0,
  "avg_latency_sec": 0.5294841831595527,
  "std_latency_sec": 0.19185902438871358,
  "max_latency_sec": 0.8368797210152904,
  "operational_cost_usd": 0.0006134723379193548,
  "carbon_credits_earned_usd": 0.00022985419691194856,
  "net_cost_usd": 0.00038361814100740623,
  "blockchain_overhead": {
    "total_energy_kwh": 0.01,
    "energy_per_transaction_kwh": 1e-05,
    "transactions": 1000,
    "blocks": 2,
    "carbon_credits_earned_usd": 0.00022985419691194856,
    "carbon_avoided_gco2": 4.597083938238976,
    "verified_renewable_kwh": 0.011492709845597422,
    "verification_premium_usd": 2.2985419691194845e-07,
    "blockchain_cost_usd": 0.00010999999999999999,
    "net_benefit_usd": 0.00012008405110886054
  },
  "node_stats": [
    {
      "node_id": "node_1",
      "name": "Solar Edge Node #1",
      "is_busy": false,
      "current_frequency": 2.2048014880880933,
      "tasks_completed": 247,
      "total_energy_kwh": 0.003907992953327895,
      "renewable_energy_kwh": 0.002506146784642302,
      "grid_energy_kwh": 0.0014018461686855933,
      "renewable_percent": 64.12874369459047,
      "avg_task_time": 0.5276736963860801
    },
    {
      "node_id": "node_2",
      "name": "Wind Edge Node #2",
      "is_busy": false,
      "current_frequency": 2.0897302492147447,
      "tasks_completed": 346,
      "total_energy_kwh": 0.004898228804422211,
      "renewable_energy_kwh": 0.004898228804422211,
      "grid_energy_kwh": 0.0,
      "renewable_percent": 100.0,
      "avg_task_time": 0.5387767189139323
    },
    {
      "node_id": "node_3",
      "name": "Solar Edge Node #3",
      "is_busy": false,
      "current_frequency": 2.730905627071349,
      "tasks_completed": 293,
      "total_energy_kwh": 0.0058592252577836235,
      "renewable_energy_kwh": 0.00408833425653291,
      "grid_energy_kwh": 0.0017708910012507102,
      "renewable_percent": 69.77602117450267,
      "avg_task_time": 0.5300344326125483
    },
    {
      "node_id": "node_4",
      "name": "Grid-Only Node #4",
      "is_busy": false,
      "current_frequency": 2.2310468815183215,
      "tasks_completed": 114,
      "total_energy_kwh": 0.0019395323127249869,
      "renewable_energy_kwh": 0.0,
      "grid_energy_kwh": 0.0019395323127249869,
      "renewable_percent": 0.0,
      "avg_task_time": 0.5037890057236283
    }
  ],
  "scheduler_stats": {
    "total_tasks_scheduled": 1000,
    "node_utilization": {
      "node_2": 346,
      "node_3": 293,
      "node_1": 247,
      "node_4": 114
    },
    "avg_renewable_forecast": 28.596526545602227,
    "avg_frequency": 2.1373423723420455,
    "compression_rate": 1.0
  }
}