{
  "method": "ecochain_ml",
  "use_compression": true,
  "use_blockchain": true,
  "total_energy_kwh": 0.04409759114658105,
  "total_energy_kwh_std": 0.00157015033227704,
  "total_energy_kwh_ci_lower": 0.042974373262946786,
  "total_energy_kwh_ci_upper": 0.04522080903021532,
  "total_energy_kwh_all_runs": [
    0.04122232108438104,
    0.046261560688786105,
    0.04257389404907287,
    0.04524438684221199,
    0.04306372441785986,
    0.04590452126120072,
    0.044861278360816735,
    0.04458691748539806,
    0.0435773057162418,
    0.04368000155984128
  ],
  "renewable_energy_kwh": 0.01398899178258467,
  "renewable_energy_kwh_std": 0.0020816986352000344,
  "renewable_energy_kwh_ci_lower": 0.012499834287707822,
  "renewable_energy_kwh_ci_upper": 0.015478149277461517,
  "renewable_energy_kwh_all_runs": [
    0.011846098827859114,
    0.015365902336099857,
    0.01247637772867227,
    0.01300219883160478,
    0.014697474053520551,
    0.012873878470326321,
    0.01873910146754253,
    0.01343005575933019,
    0.012230173363132337,
    0.015228656987758753
  ],
  "grid_energy_kwh": 0.030108599363996385,
  "grid_energy_kwh_std": 0.0020697062259722853,
  "grid_energy_kwh_ci_lower": 0.028628020721880046,
  "grid_energy_kwh_ci_upper": 0.031589178006112724,
  "grid_energy_kwh_all_runs": [
    0.029376222256521943,
    0.03089565835268629,
    0.03009751632040062,
    0.03224218801060721,
    0.02836625036433934,
    0.0330306427908744,
    0.026122176893274236,
    0.03115686172606781,
    0.03134713235310948,
    0.02845134457208253
  ],
  "renewable_percent": 31.69916898192157,
  "renewable_percent_std": 4.371519408959893,
  "renewable_percent_ci_lower": 28.571972383060043,
  "renewable_percent_ci_upper": 34.8263655807831,
  "renewable_percent_all_runs": [
    28.73709804843461,
    33.21527010182469,
    29.30523037026247,
    28.737705910236848,
    34.129593415810206,
    28.04490302180222,
    41.77121596229379,
    30.12106805483571,
    28.0654647232447,
    34.864140210470474
  ],
  "total_carbon_gco2": 12.043439745598553,
  "total_carbon_gco2_std": 0.8278824903889139,
  "total_carbon_gco2_ci_lower": 11.451208288752017,
  "total_carbon_gco2_ci_upper": 12.635671202445089,
  "total_carbon_gco2_all_runs": [
    11.750488902608778,
    12.358263341074515,
    12.039006528160249,
    12.896875204242884,
    11.346500145735735,
    13.21225711634976,
    10.448870757309695,
    12.462744690427124,
    12.53885294124379,
    11.380537828833011
  ],
  "total_carbon_kg": 0.012043439745598555,
  "total_carbon_kg_std": 0.000827882490388914,
  "total_carbon_kg_ci_lower": 0.01145120828875202,
  "total_carbon_kg_ci_upper": 0.01263567120244509,
  "total_carbon_kg_all_runs": [
    0.011750488902608778,
    0.012358263341074515,
    0.012039006528160248,
    0.012896875204242883,
    0.011346500145735735,
    0.01321225711634976,
    0.010448870757309695,
    0.012462744690427125,
    0.012538852941243791,
    0.011380537828833012
  ],
  "carbon_avoided_gco2": 5.595596713033866,
  "carbon_avoided_gco2_std": 0.8326794540800144,
  "carbon_avoided_gco2_ci_lower": 4.999933715083127,
  "carbon_avoided_gco2_ci_upper": 6.191259710984605,
  "carbon_avoided_gco2_all_runs": [
    4.738439531143641,
    6.146360934439939,
    4.990551091468892,
    5.200879532641897,
    5.8789896214082225,
    5.149551388130526,
    7.495640587017004,
    5.372022303732092,
    4.892069345252935,
    6.091462795103511
  ],
  "tasks_completed": 5000.0,
  "tasks_completed_std": 0.0,
  "tasks_completed_ci_lower": 5000.0,
  "tasks_completed_ci_upper": 5000.0,
  "tasks_completed_all_runs": [
    5000,
    5000,
    5000,
    5000,
    5000,
    5000,
    5000,
    5000,
    5000,
    5000
  ],
  "tasks_generated": 5000.0,
  "tasks_generated_std": 0.0,
  "tasks_generated_ci_lower": 5000.0,
  "tasks_generated_ci_upper": 5000.0,
  "tasks_generated_all_runs": [
    5000,
    5000,
    5000,
    5000,
    5000,
    5000,
    5000,
    5000,
    5000,
    5000
  ],
  "completion_rate": 1.0,
  "completion_rate_std": 0.0,
  "completion_rate_ci_lower": 1.0,
  "completion_rate_ci_upper": 1.0,
  "completion_rate_all_runs": [
    1.0,
    1.0,
    1.0,
    1.0,
    1.0,
    1.0,
    1.0,
    1.0,
    1.0,
    1.0
  ],
  "avg_latency_sec": 1.7774823034149922,
  "avg_latency_sec_std": 0.15092851328400017,
  "avg_latency_sec_ci_lower": 1.6695145491267298,
  "avg_latency_sec_ci_upper": 1.8854500577032547,
  "avg_latency_sec_all_runs": [
    1.595951324135916,
    1.9924212022639236,
    1.635604550972544,
    1.7661581099578845,
    1.840931744391955,
    1.6888398889376877,
    2.033695503471911,
    1.7977612477631142,
    1.6142145163394932,
    1.8092449459154933
  ],
  "std_latency_sec": 3.891877301378506,
  "std_latency_sec_std": 0.2503410715436048,
  "std_latency_sec_ci_lower": 3.7127940869972673,
  "std_latency_sec_ci_upper": 4.070960515759745,
  "std_latency_sec_all_runs": [
    3.626194033689964,
    4.262531266487659,
    3.643861614167692,
    4.010081827275958,
    4.19131599553542,
    3.6406372482509277,
    4.150187217300523,
    3.8736627890728346,
    3.646056151574371,
    3.8742448704297137
  ],
  "max_latency_sec": 43.57047338365483,
  "max_latency_sec_std": 2.505558854349301,
  "max_latency_sec_ci_lower": 41.778104553835824,
  "max_latency_sec_ci_upper": 45.36284221347383,
  "max_latency_sec_all_runs": [
    40.42513120282655,
    45.18952767291217,
    41.01190383767295,
    42.085992506225395,
    47.2408072953717,
    40.415649658284,
    46.05416467595144,
    45.09712205596122,
    42.91580882273546,
    45.26862610860736
  ],
  "operational_cost_usd": 0.003613031923679566,
  "operational_cost_usd_std": 0.00024836474711667435,
  "operational_cost_usd_ci_lower": 0.0034353624866256052,
  "operational_cost_usd_ci_upper": 0.003790701360733527,
  "operational_cost_usd_all_runs": [
    0.003525146670782633,
    0.0037074790023223546,
    0.0036117019584480745,
    0.003869062561272865,
    0.0034039500437207204,
    0.003963677134904928,
    0.003134661227192908,
    0.0037388234071281373,
    0.0037616558823731373,
    0.0034141613486499034
  ],
  "carbon_credits_earned_usd": 5.5955967130338686e-05,
  "carbon_credits_earned_usd_std": 8.326794540800123e-06,
  "carbon_credits_earned_usd_ci_lower": 4.999933715083131e-05,
  "carbon_credits_earned_usd_ci_upper": 6.191259710984606e-05,
  "carbon_credits_earned_usd_all_runs": [
    4.738439531143648e-05,
    6.146360934439949e-05,
    4.990551091468894e-05,
    5.200879532641911e-05,
    5.878989621408207e-05,
    5.149551388130537e-05,
    7.495640587017008e-05,
    5.3720223037320825e-05,
    4.8920693452529414e-05,
    6.091462795103503e-05
  ],
  "net_cost_usd": 0.0035570759565492272,
  "net_cost_usd_std": 0.00025437617419761836,
  "net_cost_usd_ci_lower": 0.003375106203618068,
  "net_cost_usd_ci_upper": 0.0037390457094803866,
  "net_cost_usd_all_runs": [
    0.0034777622754711963,
    0.003646015392977955,
    0.0035617964475333857,
    0.003817053765946446,
    0.003345160147506638,
    0.003912181621023623,
    0.003059704821322738,
    0.0036851031840908163,
    0.003712735188920608,
    0.0033532467206988685
  ],
  "blockchain_overhead": {
    "total_energy_kwh": 5.0,
    "energy_per_transaction_kwh": 0.001,
    "transactions": 5000,
    "blocks": 2,
    "carbon_credits_earned_usd": 4.738439531143648e-05,
    "carbon_avoided_gco2": 4.738439531143641,
    "verified_renewable_kwh": 0.01184609882785911,
    "verification_premium_usd": 1.184609882785911e-05,
    "blockchain_energy_cost_usd": 0.6,
    "blockchain_tx_fees_usd": 0.5,
    "blockchain_cost_usd": 1.1,
    "net_benefit_usd": -1.0999407695058607,
    "roi_percent": -99.9946154096237
  },
  "node_stats": [
    {
      "node_id": "node_1",
      "name": "Solar Edge Node #1",
      "is_busy": false,
      "current_frequency": 1.5,
      "tasks_completed": 1325,
      "total_energy_kwh": 0.015441261501337379,
      "renewable_energy_kwh": 0.011430737785091061,