{
  "method": "ecochain_ml",
  "use_compression": true,
  "use_blockchain": true,
  "total_energy_kwh": 0.09594289173479006,
  "total_energy_kwh_std": 0.007537836426801187,
  "total_energy_kwh_ci_lower": 0.09055064839066736,
  "total_energy_kwh_ci_upper": 0.10133513507891277,
  "total_energy_kwh_all_runs": [
    0.09064408625607,
    0.10038574152824066,
    0.08558782573059637,
    0.08735065660954947,
    0.10357712981936723,
    0.09352457942362451,
    0.10856916062696478,
    0.09324999448017204,
    0.09374953984515837,
    0.10279020302815707
  ],
  "renewable_energy_kwh": 0.051634211900019024,
  "renewable_energy_kwh_std": 0.007395600513359883,
  "renewable_energy_kwh_ci_lower": 0.046343717998856115,
  "renewable_energy_kwh_ci_upper": 0.05692470580118193,
  "renewable_energy_kwh_all_runs": [
    0.047795846556731254,
    0.056981583389116866,
    0.04413961820592725,
    0.04194864014756069,
    0.05688133515221277,
    0.04787744239860556,
    0.06415158301593116,
    0.050084513972938546,
    0.046419721534776665,
    0.060061834626389476
  ],
  "grid_energy_kwh": 0.04430867983477058,
  "grid_energy_kwh_std": 0.001907934948801262,
  "grid_energy_kwh_ci_lower": 0.04294382539296909,
  "grid_energy_kwh_ci_upper": 0.04567353427657207,
  "grid_energy_kwh_all_runs": [
    0.04284823969933846,
    0.04340415813912324,
    0.04144820752466878,
    0.04540201646198845,
    0.0466957946671539,
    0.045647137025018304,
    0.04441757761103307,
    0.04316548050723319,
    0.047329818310381126,
    0.04272836840176729
  ],
  "renewable_percent": 53.59408401284496,
  "renewable_percent_std": 3.7068828377048297,
  "renewable_percent_ci_lower": 50.94233977520315,
  "renewable_percent_ci_upper": 56.24582825048677,
  "renewable_percent_all_runs": [
    52.729139352464486,
    56.76262636670042,
    51.57230929649379,
    48.02326825666325,
    54.91688681797871,
    51.1923632200923,
    59.088218648342526,
    53.70993773472891,
    49.51461267057513,
    58.43147776440999
  ],
  "total_carbon_gco2": 17.723471933908233,
  "total_carbon_gco2_std": 0.763173979520505,
  "total_carbon_gco2_ci_lower": 17.177530157187636,
  "total_carbon_gco2_ci_upper": 18.26941371062883,
  "total_carbon_gco2_all_runs": [
    17.139295879735382,
    17.361663255649297,
    16.579283009867513,
    18.16080658479538,
    18.678317866861562,
    18.25885481000732,
    17.76703104441323,
    17.266192202893276,
    18.93192732415245,
    17.091347360706916
  ],
  "total_carbon_kg": 0.017723471933908233,
  "total_carbon_kg_std": 0.0007631739795205048,
  "total_carbon_kg_ci_lower": 0.017177530157187634,
  "total_carbon_kg_ci_upper": 0.018269413710628832,
  "total_carbon_kg_all_runs": [
    0.01713929587973538,
    0.017361663255649296,
    0.016579283009867513,
    0.01816080658479538,
    0.01867831786686156,
    0.01825885481000732,
    0.01776703104441323,
    0.017266192202893275,
    0.01893192732415245,
    0.017091347360706916
  ],
  "carbon_avoided_gco2": 20.65368476000761,
  "carbon_avoided_gco2_std": 2.958240205343958,
  "carbon_avoided_gco2_ci_lower": 18.537487199542447,
  "carbon_avoided_gco2_ci_upper": 22.769882320472774,
  "carbon_avoided_gco2_all_runs": [
    19.118338622692526,
    22.792633355646764,
    17.655847282370914,
    16.779456059024255,
    22.752534060885107,
    19.15097695944224,
    25.66063320637247,
    20.033805589175337,
    18.567888613910707,
    24.02473385055582
  ],
  "tasks_completed": 5000.0,
  "tasks_completed_std": 0.0,
  "tasks_completed_ci_lower": NaN,
  "tasks_completed_ci_upper": NaN,
  "tasks_completed_all_runs": [
    5000,
    5000,
    5000,
    5000,
    5000,
    5000,
    5000,
    5000,
    5000,
    5000
  ],
  "tasks_generated": 5000.0,
  "tasks_generated_std": 0.0,
  "tasks_generated_ci_lower": NaN,
  "tasks_generated_ci_upper": NaN,
  "tasks_generated_all_runs": [
    5000,
    5000,
    5000,
    5000,
    5000,
    5000,
    5000,
    5000,
    5000,
    5000
  ],
  "completion_rate": 1.0,
  "completion_rate_std": 0.0,
  "completion_rate_ci_lower": NaN,
  "completion_rate_ci_upper": NaN,
  "completion_rate_all_runs": [
    1.0,
    1.0,
    1.0,
    1.0,
    1.0,
    1.0,
    1.0,
    1.0,
    1.0,
    1.0
  ],
  "avg_latency_sec": 6.586748802110881,
  "avg_latency_sec_std": 0.5205272417593494,
  "avg_latency_sec_ci_lower": 6.214386044963268,
  "avg_latency_sec_ci_upper": 6.959111559258494,
  "avg_latency_sec_all_runs": [
    6.194595170982092,
    6.924515601165688,
    5.9734050482713235,
    6.062177491442222,
    7.0653504738837,
    6.278219677719375,
    7.592135201875815,
    6.526404710046607,
    6.3273246550694315,
    6.923359990652558
  ],
  "std_latency_sec": 10.5349388182301,
  "std_latency_sec_std": 0.28952039134873475,
  "std_latency_sec_ci_lower": 10.327828406854335,
  "std_latency_sec_ci_upper": 10.742049229605863,
  "std_latency_sec_all_runs": [
    10.335476570830805,
    10.476025772828336,
    9.941219644186916,
    10.499965530017889,
    10.830710712706743,
    10.57855570879725,
    11.030281093462753,
    10.548864495757776,
    10.658398692553918,
    10.449889961158595
  ],
  "max_latency_sec": 60.369451619971734,
  "max_latency_sec_std": 4.746635212586001,
  "max_latency_sec_ci_lower": 56.97391334044091,
  "max_latency_sec_ci_upper": 63.76498989950256,
  "max_latency_sec_all_runs": [
    63.648342022855815,
    57.07251393844867,
    59.46279250107084,
    53.9685958741827,
    65.00250267717563,
    56.58225621184418,
    67.34187800218835,
    60.81614467230213,
    54.68929971045146,
    65.11019058919747
  ],
  "operational_cost_usd": 0.00531704158017247,
  "operational_cost_usd_std": 0.00022895219385615133,
  "operational_cost_usd_ci_lower": 0.0051532590471562905,
  "operational_cost_usd_ci_upper": 0.005480824113188649,
  "operational_cost_usd_all_runs": [
    0.005141788763920615,
    0.005208498976694788,
    0.004973784902960254,
    0.005448241975438614,
    0.005603495360058467,
    0.005477656443002197,
    0.005330109313323969,
    0.005179857660867983,
    0.005679578197245735,
    0.005127404208212075
  ],
  "carbon_credits_earned_usd": 0.00020653684760007607,
  "carbon_credits_earned_usd_std": 2.9582402053439538e-05,
  "carbon_credits_earned_usd_ci_lower": 0.00018537487199542444,
  "carbon_credits_earned_usd_ci_upper": 0.0002276988232047277,
  "carbon_credits_earned_usd_all_runs": [
    0.00019118338622692505,
    0.0002279263335564678,
    0.0001765584728237089,
    0.0001677945605902429,
    0.00022752534060885074,
    0.0001915097695944227,
    0.0002566063320637252,
    0.0002003380558917534,
    0.0001856788861391069,
    0.0002402473385055574
  ],
  "net_cost_usd": 0.005110504732572394,
  "net_cost_usd_std": 0.00023242627874387825,
  "net_cost_usd_ci_lower": 0.00494423698893979,
  "net_cost_usd_ci_upper": 0.005276772476204999,
  "net_cost_usd_all_runs": [
    0.00495060537769369,
    0.00498057264313832,
    0.004797226430136544,
    0.005280447414848371,
    0.005375970019449616,
    0.005286146673407774,
    0.005073502981260244,
    0.00497951960497623,
    0.0054938993111066274,
    0.004887156869706517
  ],
  "blockchain_overhead": {
    "total_energy_kwh": 4.973,
    "energy_per_transaction_kwh": 0.001,
    "transactions": 4973,
    "blocks": 2,
    "carbon_credits_earned_usd": 0.00019118338622692505,
    "carbon_avoided_gco2": 19.118338622692526,
    "verified_renewable_kwh": 0.04779584655673128,
    "verification_premium_usd": 4.779584655673128e-05,
    "blockchain_energy_cost_usd": 0.59676,
    "blockchain_tx_fees_usd": 0.4973,
    "blockchain_cost_usd": 1.09406,
    "net_benefit_usd": -1.0938210207672163,
    "roi_percent": -99.97815666117181
  },
  "node_stats": [
    {
      "node_id": "node_1",
      "name": "Solar Edge Node #1",
      "is_busy": false,
      "current_frequency": 1.4556488963542105,
      "tasks_completed": 2576,
      "total_energy_kwh": 0.06851960538948774,
      "renewable_energy_kwh": 0.046471365690148946,