{
  "method": "energy_aware_only",
  "use_compression": true,
  "use_blockchain": false,
  "total_energy_kwh": 0.01620782495543305,
  "renewable_energy_kwh": 0.011503432160535202,
  "grid_energy_kwh": 0.004704392794897844,
  "renewable_percent": 70.97455822830267,
  "total_carbon_gco2": 1.8817571179591375,
  "total_carbon_kg": 0.0018817571179591374,
  "carbon_avoided_gco2": 0.0,
  "tasks_completed": 1000,
  "tasks_generated": 1000,
  "completion_rate": 1.0,
  "avg_latency_sec": 0.5186779620465782,
  "std_latency_sec": 0.1936183951007487,
  "max_latency_sec": 0.8341828096178976,
  "operational_cost_usd": 0.0005645271353877413,
  "carbon_credits_earned_usd": 0.0,
  "net_cost_usd": 0.0005645271353877413,
  "blockchain_overhead": {},
  "node_stats": [
    {
      "node_id": "node_1",
      "name": "Solar Edge Node #1",
      "is_busy": false,
      "current_frequency": 2.1148703539425684,
      "tasks_completed": 258,
      "total_energy_kwh": 0.004031183561349213,
      "renewable_energy_kwh": 0.002787101324029123,
      "grid_energy_kwh": 0.0012440822373200894,
      "renewable_percent": 69.13853665091592,
      "avg_task_time": 0.522280320159937
    },
    {
      "node_id": "node_2",
      "name": "Wind Edge Node #2",
      "is_busy": false,
      "current_frequency": 1.9397956452328238,
      "tasks_completed": 356,
      "total_energy_kwh": 0.004867361925895074,
      "renewable_energy_kwh": 0.004867361925895074,
      "grid_energy_kwh": 0.0,
      "renewable_percent": 100.0,
      "avg_task_time": 0.5143802385225644
    },
    {
      "node_id": "node_3",
      "name": "Solar Edge Node #3",
      "is_busy": false,
      "current_frequency": 2.88657434220129,
      "tasks_completed": 289,
      "total_energy_kwh": 0.005691273774212146,
      "renewable_energy_kwh": 0.003848968910611005,
      "grid_energy_kwh": 0.0018423048636011356,
      "renewable_percent": 67.62930520143226,
      "avg_task_time": 0.5229203750399494
    },
    {
      "node_id": "node_4",
      "name": "Grid-Only Node #4",
      "is_busy": false,
      "current_frequency": 2.1799999999999997,
      "tasks_completed": 97,
      "total_energy_kwh": 0.0016180056939766184,
      "renewable_energy_kwh": 0.0,
      "grid_energy_kwh": 0.0016180056939766184,
      "renewable_percent": 0.0,
      "avg_task_time": 0.5122297540694445
    }
  ],
  "scheduler_stats": {
    "total_tasks_scheduled": 1000,
    "node_utilization": {
      "node_2": 356,
      "node_3": 289,
      "node_1": 258,
      "node_4": 97
    },
    "avg_renewable_forecast": 30.137767280863095,
    "avg_frequency": 2.1308714974048333,
    "compression_rate": 1.0
  }
}