{
  "method": "energy_aware_only",
  "use_compression": true,
  "use_blockchain": false,
  "total_energy_kwh": 0.09516700676200052,
  "total_energy_kwh_std": 0.007550002861846478,
  "total_energy_kwh_ci_lower": 0.0897660600745469,
  "total_energy_kwh_ci_upper": 0.10056795344945413,
  "total_energy_kwh_all_runs": [
    0.09001077454891733,
    0.09964523058773006,
    0.08475218082492576,
    0.08621799870355629,
    0.103067874735739,
    0.09320654609136964,
    0.10709400642143468,
    0.0917546439281234,
    0.0933746940580765,
    0.10254611772013252
  ],
  "renewable_energy_kwh": 0.05096862225621326,
  "renewable_energy_kwh_std": 0.0074136243266504625,
  "renewable_energy_kwh_ci_lower": 0.04566523489574069,
  "renewable_energy_kwh_ci_upper": 0.056272009616685825,
  "renewable_energy_kwh_all_runs": [
    0.04726677031678863,
    0.05639269228809367,
    0.04341893573435277,
    0.04092430599886133,
    0.05653708061289285,
    0.04762671604216781,
    0.06293632134513094,
    0.04863842723324864,
    0.04608832016802001,
    0.0598566528225759
  ],
  "grid_energy_kwh": 0.04419838450578681,
  "grid_energy_kwh_std": 0.001907655856235622,
  "grid_energy_kwh_ci_lower": 0.042833729714779556,
  "grid_energy_kwh_ci_upper": 0.04556303929679406,
  "grid_energy_kwh_all_runs": [
    0.04274400423212821,
    0.04325253829963624,
    0.04133324509057264,
    0.04529369270469462,
    0.046530794122845644,
    0.04557983004920127,
    0.044157685076303174,
    0.043116216694874296,
    0.0472863738900559,
    0.042689464897556095
  ],
  "renewable_percent": 53.32601508780491,
  "renewable_percent_std": 3.775127897524155,
  "renewable_percent_ci_lower": 50.625451275321765,
  "renewable_percent_ci_upper": 56.02657890028806,
  "renewable_percent_all_runs": [
    52.51234705363077,
    56.59346860404341,
    51.23046429217452,
    47.46608204114264,
    54.854221800780465,
    51.09803768018581,
    58.767360983270066,
    53.00922672791349,
    49.358469800558964,
    58.37047189434891
  ],
  "total_carbon_gco2": 17.67935380231473,
  "total_carbon_gco2_std": 0.7630623424942482,
  "total_carbon_gco2_ci_lower": 17.13349188591183,
  "total_carbon_gco2_ci_upper": 18.225215718717628,
  "total_carbon_gco2_all_runs": [
    17.097601692851285,
    17.301015319854496,
    16.533298036229056,
    18.117477081877848,
    18.61231764913826,
    18.231932019680507,
    17.66307403052127,
    17.24648667794972,
    18.914549556022358,
    17.07578595902244
  ],
  "total_carbon_kg": 0.017679353802314723,
  "total_carbon_kg_std": 0.0007630623424942485,
  "total_carbon_kg_ci_lower": 0.017133491885911824,
  "total_carbon_kg_ci_upper": 0.018225215718717623,
  "total_carbon_kg_all_runs": [
    0.017097601692851284,
    0.017301015319854497,
    0.016533298036229056,
    0.018117477081877848,
    0.01861231764913826,
    0.018231932019680507,
    0.01766307403052127,
    0.01724648667794972,
    0.01891454955602236,
    0.01707578595902244
  ],
  "carbon_avoided_gco2": 0.0,
  "carbon_avoided_gco2_std": 0.0,
  "carbon_avoided_gco2_ci_lower": NaN,
  "carbon_avoided_gco2_ci_upper": NaN,
  "carbon_avoided_gco2_all_runs": [
    0.0,
    0.0,
    0.0,
    0.0,
    0.0,
    0.0,
    0.0,
    0.0,
    0.0,
    0.0
  ],
  "tasks_completed": 5000.0,
  "tasks_completed_std": 0.0,
  "tasks_completed_ci_lower": NaN,
  "tasks_completed_ci_upper": NaN,
  "tasks_completed_all_runs": [
    5000,
    5000,
    5000,
    5000,
    5000,
    5000,
    5000,
    5000,
    5000,
    5000
  ],
  "tasks_generated": 5000.0,
  "tasks_generated_std": 0.0,
  "tasks_generated_ci_lower": NaN,
  "tasks_generated_ci_upper": NaN,
  "tasks_generated_all_runs": [
    5000,
    5000,
    5000,
    5000,
    5000,
    5000,
    5000,
    5000,
    5000,
    5000
  ],
  "completion_rate": 1.0,
  "completion_rate_std": 0.0,
  "completion_rate_ci_lower": NaN,
  "completion_rate_ci_upper": NaN,
  "completion_rate_all_runs": [
    1.0,
    1.0,
    1.0,
    1.0,
    1.0,
    1.0,
    1.0,
    1.0,
    1.0,
    1.0
  ],
  "avg_latency_sec": 6.586748802110881,
  "avg_latency_sec_std": 0.5205272417593494,
  "avg_latency_sec_ci_lower": 6.214386044963268,
  "avg_latency_sec_ci_upper": 6.959111559258494,
  "avg_latency_sec_all_runs": [
    6.194595170982092,
    6.924515601165688,
    5.9734050482713235,
    6.062177491442222,
    7.0653504738837,
    6.278219677719375,
    7.592135201875815,
    6.526404710046607,
    6.3273246550694315,
    6.923359990652558
  ],
  "std_latency_sec": 10.5349388182301,
  "std_latency_sec_std": 0.28952039134873475,
  "std_latency_sec_ci_lower": 10.327828406854335,
  "std_latency_sec_ci_upper": 10.742049229605863,
  "std_latency_sec_all_runs": [
    10.335476570830805,
    10.476025772828336,
    9.941219644186916,
    10.499965530017889,
    10.830710712706743,
    10.57855570879725,
    11.030281093462753,
    10.548864495757776,
    10.658398692553918,
    10.449889961158595
  ],
  "max_latency_sec": 60.369451619971734,
  "max_latency_sec_std": 4.746635212586001,
  "max_latency_sec_ci_lower": 56.97391334044091,
  "max_latency_sec_ci_upper": 63.76498989950256,
  "max_latency_sec_all_runs": [
    63.648342022855815,
    57.07251393844867,
    59.46279250107084,
    53.9685958741827,
    65.00250267717563,
    56.58225621184418,
    67.34187800218835,
    60.81614467230213,
    54.68929971045146,
    65.11019058919747
  ],
  "operational_cost_usd": 0.0053038061406944165,
  "operational_cost_usd_std": 0.00022891870274827466,
  "operational_cost_usd_ci_lower": 0.005140047565773546,
  "operational_cost_usd_ci_upper": 0.005467564715615287,
  "operational_cost_usd_all_runs": [
    0.005129280507855384,
    0.005190304595956348,
    0.004959989410868716,
    0.005435243124563354,
    0.005583695294741477,
    0.005469579605904152,
    0.005298922209156381,
    0.005173946003384915,
    0.0056743648668067075,
    0.005122735787706731
  ],
  "carbon_credits_earned_usd": 0.0,
  "carbon_credits_earned_usd_std": 0.0,
  "carbon_credits_earned_usd_ci_lower": NaN,
  "carbon_credits_earned_usd_ci_upper": NaN,
  "carbon_credits_earned_usd_all_runs": [
    0.0,
    0.0,
    0.0,
    0.0,
    0.0,
    0.0,
    0.0,
    0.0,
    0.0,
    0.0
  ],
  "net_cost_usd": 0.0053038061406944165,
  "net_cost_usd_std": 0.00022891870274827466,
  "net_cost_usd_ci_lower": 0.005140047565773546,
  "net_cost_usd_ci_upper": 0.005467564715615287,
  "net_cost_usd_all_runs": [
    0.005129280507855384,
    0.005190304595956348,
    0.004959989410868716,
    0.005435243124563354,
    0.005583695294741477,
    0.005469579605904152,
    0.005298922209156381,
    0.005173946003384915,
    0.0056743648668067075,
    0.005122735787706731
  ],
  "blockchain_overhead": {},
  "node_stats": [
    {
      "node_id": "node_1",
      "name": "Solar Edge Node #1",
      "is_busy": false,
      "current_frequency": 1.4556488963542105,
      "tasks_completed": 2576,
      "total_energy_kwh": 0.0679067171459999,
      "renewable_energy_kwh": 0.04596271291387114,
      "grid_energy_kwh": 0.021944004232128278,
      "renewable_percent": 67.68507571209929,
      "avg_task_time": 6.398445357018877
    },
    {
      "node_id": "node_2",
      "name": "Grid-Only Node #2",
      "is_busy": false,
      "current_frequency": 2.4,
      "tasks_completed": 0,
      "total_energy_kwh": 0.0,
      "renewable_energy_kwh": 0.0,
      "grid_energy_kwh": 0.0,
      "renewable_percent": 0,
      "avg_task_time": 0
    },
    {
      "node_id": "node_3",
      "name": "Wind Edge Node #3",
      "is_busy": false,
      "current_frequency": 1.3462264507668689,
      "tasks_completed": 2397,
      "total_energy_kwh": 0.022104057402917432,
      "renewable_energy_kwh": 0.0013040574029174882,
      "grid_energy_kwh": 0.02079999999999993,
      "renewable_percent": 5.89962910042647,
      "avg_task_time": 0.27600359417182174
    },
    {
      "node_id": "node_4",
      "name": "Grid-Only Node #4",
      "is_busy": false,
      "current_frequency": 3.5,