{
  "method": "standard",
  "use_compression": false,
  "use_blockchain": false,
  "total_energy_kwh": 0.02805824539652798,
  "renewable_energy_kwh": 0.01109111397564573,
  "grid_energy_kwh": 0.016967131420882246,
  "renewable_percent": 39.52889362432542,
  "total_carbon_gco2": 6.786852568352899,
  "total_carbon_kg": 0.006786852568352899,
  "carbon_avoided_gco2": 0.0,
  "tasks_completed": 1000,
  "tasks_generated": 1000,
  "completion_rate": 1.0,
  "avg_latency_sec": 0.5349316367061188,
  "std_latency_sec": 0.20303683568937253,
  "max_latency_sec": 0.8399469023986804,
  "operational_cost_usd": 0.0020360557705058693,
  "carbon_credits_earned_usd": 0.0,
  "net_cost_usd": 0.0020360557705058693,
  "blockchain_overhead": {},
  "node_stats": [
    {
      "node_id": "node_1",
      "name": "Solar Edge Node #1",
      "is_busy": false,
      "current_frequency": 2.4,
      "tasks_completed": 250,
      "total_energy_kwh": 0.006426587065995662,
      "renewable_energy_kwh": 0.002518404326085859,
      "grid_energy_kwh": 0.003908182739909801,
      "renewable_percent": 39.18727467976326,
      "avg_task_time": 0.5213681901427464
    },
    {
      "node_id": "node_2",
      "name": "Wind Edge Node #2",
      "is_busy": false,
      "current_frequency": 2.2,
      "tasks_completed": 250,
      "total_energy_kwh": 0.005883544252557448,
      "renewable_energy_kwh": 0.0055957317034520445,
      "grid_energy_kwh": 0.00028781254910540424,
      "renewable_percent": 95.10817737148322,
      "avg_task_time": 0.5303476509347564
    },
    {
      "node_id": "node_3",
      "name": "Hybrid Edge Node #3",
      "is_busy": false,
      "current_frequency": 3.0,
      "tasks_completed": 250,
      "total_energy_kwh": 0.008402205455824936,
      "renewable_energy_kwh": 0.002976977946107826,
      "grid_energy_kwh": 0.005425227509717108,
      "renewable_percent": 35.43091110732121,
      "avg_task_time": 0.5462381876473097
    },
    {
      "node_id": "node_4",
      "name": "Grid-Only Node (Baseline) #4",
      "is_busy": false,
      "current_frequency": 2.6,
      "tasks_completed": 250,
      "total_energy_kwh": 0.007345908622149933,
      "renewable_energy_kwh": 0.0,
      "grid_energy_kwh": 0.007345908622149933,
      "renewable_percent": 0.0,
      "avg_task_time": 0.5417725180996625
    }
  ],
  "scheduler_stats": {}
}