{
  "method": "standard",
  "use_compression": false,
  "use_blockchain": false,
  "total_energy_kwh": 0.14479866513968118,
  "total_energy_kwh_std": 0.004315124216379394,
  "total_energy_kwh_ci_lower": 0.14171181123129664,
  "total_energy_kwh_ci_upper": 0.1478855190480657,
  "total_energy_kwh_all_runs": [
    0.14568945839047875,
    0.14766639432501585,
    0.13970316436452418,
    0.13629158568039168,
    0.14200780647304506,
    0.1439963159745257,
    0.14800628753465975,
    0.1481730579424263,
    0.15004638745649493,
    0.14640619325524942
  ],
  "renewable_energy_kwh": 0.03295284339139656,
  "renewable_energy_kwh_std": 0.005121497963732726,
  "renewable_energy_kwh_ci_lower": 0.029289144454035132,
  "renewable_energy_kwh_ci_upper": 0.03661654232875798,
  "renewable_energy_kwh_all_runs": [
    0.03126081669213817,
    0.04128630935260036,
    0.02924289424278396,
    0.030306212645562963,
    0.03663590777408834,
    0.02855325290853445,
    0.03981454355382916,
    0.030795594075754603,
    0.02585644474012784,
    0.03577645792854573
  ],
  "grid_energy_kwh": 0.11184582174828446,
  "grid_energy_kwh_std": 0.006013588428557463,
  "grid_energy_kwh_ci_lower": 0.1075439597361443,
  "grid_energy_kwh_ci_upper": 0.11614768376042461,
  "grid_energy_kwh_all_runs": [
    0.11442864169834044,
    0.1063800849724153,
    0.11046027012174002,
    0.10598537303482858,
    0.10537189869895658,
    0.11544306306599113,
    0.10819174398083041,
    0.11737746386667164,
    0.12418994271636696,
    0.11062973532670348
  ],
  "renewable_percent": 22.756532063430164,
  "renewable_percent_std": 3.4088626755558544,
  "renewable_percent_ci_lower": 20.317978606905392,
  "renewable_percent_ci_upper": 25.195085519954937,
  "renewable_percent_all_runs": [
    21.457157599112303,
    27.95917753753003,
    20.932163115848375,
    22.236304973831654,
    25.798516774528384,
    19.829155152542786,
    26.900575791082854,
    20.783531435060514,
    17.23230074274515,
    24.436437512019634
  ],
  "total_carbon_gco2": 44.738328699313776,
  "total_carbon_gco2_std": 2.405435371422986,
  "total_carbon_gco2_ci_lower": 43.017583894457715,
  "total_carbon_gco2_ci_upper": 46.45907350416984,
  "total_carbon_gco2_all_runs": [
    45.771456679336175,
    42.55203398896612,
    44.18410804869601,
    42.39414921393143,
    42.14875947958263,
    46.17722522639645,
    43.27669759233216,
    46.950985546668655,
    49.67597708654679,
    44.25189413068139
  ],
  "total_carbon_kg": 0.04473832869931378,
  "total_carbon_kg_std": 0.0024054353714229853,
  "total_carbon_kg_ci_lower": 0.04301758389445772,
  "total_carbon_kg_ci_upper": 0.04645907350416984,
  "total_carbon_kg_all_runs": [
    0.04577145667933617,
    0.04255203398896612,
    0.04418410804869601,
    0.04239414921393143,
    0.04214875947958263,
    0.04617722522639645,
    0.043276697592332165,
    0.046950985546668655,
    0.04967597708654679,
    0.044251894130681396
  ],
  "carbon_avoided_gco2": 0.0,
  "carbon_avoided_gco2_std": 0.0,
  "carbon_avoided_gco2_ci_lower": NaN,
  "carbon_avoided_gco2_ci_upper": NaN,
  "carbon_avoided_gco2_all_runs": [
    0.0,
    0.0,
    0.0,
    0.0,
    0.0,
    0.0,
    0.0,
    0.0,
    0.0,
    0.0
  ],
  "tasks_completed": 5000.0,
  "tasks_completed_std": 0.0,
  "tasks_completed_ci_lower": NaN,
  "tasks_completed_ci_upper": NaN,
  "tasks_completed_all_runs": [
    5000,
    5000,
    5000,
    5000,
    5000,
    5000,
    5000,
    5000,
    5000,
    5000
  ],
  "tasks_generated": 5000.0,
  "tasks_generated_std": 0.0,
  "tasks_generated_ci_lower": NaN,
  "tasks_generated_ci_upper": NaN,
  "tasks_generated_all_runs": [
    5000,
    5000,
    5000,
    5000,
    5000,
    5000,
    5000,
    5000,
    5000,
    5000
  ],
  "completion_rate": 1.0,
  "completion_rate_std": 0.0,
  "completion_rate_ci_lower": NaN,
  "completion_rate_ci_upper": NaN,
  "completion_rate_all_runs": [
    1.0,
    1.0,
    1.0,
    1.0,
    1.0,
    1.0,
    1.0,
    1.0,
    1.0,
    1.0
  ],
  "avg_latency_sec": 5.70565053087688,
  "avg_latency_sec_std": 0.31657062831120875,
  "avg_latency_sec_ci_lower": 5.479189545681389,
  "avg_latency_sec_ci_upper": 5.9321115160723705,
  "avg_latency_sec_all_runs": [
    5.59892090596461,
    6.085049679071008,
    5.45185754001342,
    5.308729422024834,
    5.939375779274739,
    5.26611414503484,
    6.094847018962906,
    5.593871200540775,
    5.67732099532781,
    6.040418622553859
  ],
  "std_latency_sec": 10.456375141254279,
  "std_latency_sec_std": 0.37089545277621305,
  "std_latency_sec_ci_lower": 10.191052517711142,
  "std_latency_sec_ci_upper": 10.721697764797415,
  "std_latency_sec_all_runs": [
    10.393246806382832,
    10.802007741972151,
    10.172365829809701,
    10.025794623771558,
    10.638392132110585,
    9.843468953430813,
    10.805844168891085,
    10.31534706719847,
    10.579247782387545,
    10.988036306588036
  ],
  "max_latency_sec": 62.79380533436718,
  "max_latency_sec_std": 7.851327109295814,
  "max_latency_sec_ci_lower": 57.177304265558945,
  "max_latency_sec_ci_upper": 68.41030640317541,
  "max_latency_sec_all_runs": [
    55.65652702909942,
    69.73417883966603,
    61.70330691728836,
    67.07837026579492,
    57.334497561990766,
    51.716861216237355,
    77.72980164683128,
    56.01780359464119,
    65.19562547168658,
    65.7710808004358
  ],
  "operational_cost_usd": 0.013421498609794136,
  "operational_cost_usd_std": 0.0007216306114268955,
  "operational_cost_usd_ci_lower": 0.012905275168337317,
  "operational_cost_usd_ci_upper": 0.013937722051250954,
  "operational_cost_usd_all_runs": [
    0.013731437003800853,
    0.012765610196689836,
    0.013255232414608803,
    0.012718244764179428,
    0.01264462784387479,
    0.013853167567918935,
    0.012983009277699648,
    0.014085295664000595,
    0.014902793125964035,
    0.013275568239204416
  ],
  "carbon_credits_earned_usd": 0.0,
  "carbon_credits_earned_usd_std": 0.0,
  "carbon_credits_earned_usd_ci_lower": NaN,
  "carbon_credits_earned_usd_ci_upper": NaN,
  "carbon_credits_earned_usd_all_runs": [
    0.0,
    0.0,
    0.0,
    0.0,
    0.0,
    0.0,
    0.0,
    0.0,
    0.0,
    0.0
  ],
  "net_cost_usd": 0.013421498609794136,
  "net_cost_usd_std": 0.0007216306114268955,
  "net_cost_usd_ci_lower": 0.012905275168337317,
  "net_cost_usd_ci_upper": 0.013937722051250954,
  "net_cost_usd_all_runs": [
    0.013731437003800853,
    0.012765610196689836,
    0.013255232414608803,
    0.012718244764179428,
    0.01264462784387479,
    0.013853167567918935,
    0.012983009277699648,
    0.014085295664000595,
    0.014902793125964035,
    0.013275568239204416
  ],
  "blockchain_overhead": {},
  "node_stats": [
    {
      "node_id": "node_1",
      "name": "Solar Edge Node #1",
      "is_busy": false,
      "current_frequency": 1.5,
      "tasks_completed": 1244,
      "total_energy_kwh": 0.04839848245931057,
      "renewable_energy_kwh": 0.030271064368742898,
      "grid_energy_kwh": 0.018127418090567518,
      "renewable_percent": 62.5454824832417,
      "avg_task_time": 8.062182434541068
    },
    {
      "node_id": "node_2",
      "name": "Grid-Only Node #2",
      "is_busy": false,
      "current_frequency": 2.4,
      "tasks_completed": 1243,
      "total_energy_kwh": 0.05103549840896237,
      "renewable_energy_kwh": 0.0,
      "grid_energy_kwh": 0.05103549840896237,
      "renewable_percent": 0.0,
      "avg_task_time": 1.9873615041076467
    },
    {
      "node_id": "node_3",
      "name": "Wind Edge Node #3",
      "is_busy": false,
      "current_frequency": 1.4,
      "tasks_completed": 1246,
      "total_energy_kwh": 0.011089752323395258,
      "renewable_energy_kwh": 0.0009897523233952717,
      "grid_energy_kwh": 0.010099999999999994,
      "renewable_percent": 8.924927216879876,
      "avg_task_time": 0.30897292649612973
    },
    {
      "node_id": "node_4",
      "name": "Grid-Only Node #4",
      "is_busy": false,
      "current_frequency": 3.5,