{
  "method": "standard",
  "use_compression": false,
  "use_blockchain": false,
  "total_energy_kwh": 0.0655196469629892,
  "total_energy_kwh_std": 0.003837513784499212,
  "total_energy_kwh_ci_lower": 0.06277445497542224,
  "total_energy_kwh_ci_upper": 0.06826483895055617,
  "total_energy_kwh_all_runs": [
    0.06118521386648702,
    0.06561324352455825,
    0.062247419582642766,
    0.06244889764732808,
    0.06373891078831787,
    0.07097264566303345,
    0.07128860484012668,
    0.06916875488667207,
    0.066607454953593,
    0.061925323877132905
  ],
  "renewable_energy_kwh": 0.01996760796292718,
  "renewable_energy_kwh_std": 0.003026539372728415,
  "renewable_energy_kwh_ci_lower": 0.017802552121400292,
  "renewable_energy_kwh_ci_upper": 0.02213266380445407,
  "renewable_energy_kwh_all_runs": [
    0.017986511163083356,
    0.021770886279259095,
    0.017319547415590497,
    0.017054613258686856,
    0.021766004539092554,
    0.019359483653055447,
    0.026426500983100246,
    0.019339892760782806,
    0.016754620616749965,
    0.021898018959870973
  ],
  "grid_energy_kwh": 0.04555203900006205,
  "grid_energy_kwh_std": 0.0037447716342740903,
  "grid_energy_kwh_ci_lower": 0.042873190750134835,
  "grid_energy_kwh_ci_upper": 0.048230887249989265,
  "grid_energy_kwh_all_runs": [
    0.043198702703403674,
    0.04384235724529918,
    0.044927872167052255,
    0.04539428438864122,
    0.04197290624922532,
    0.05161316200997806,
    0.04486210385702642,
    0.0498288621258893,
    0.04985283433684305,
    0.040027304917261974
  ],
  "renewable_percent": 30.468340155695035,
  "renewable_percent_std": 4.099563620158435,
  "renewable_percent_ci_lower": 27.53568900847614,
  "renewable_percent_ci_upper": 33.40099130291393,
  "renewable_percent_all_runs": [
    29.396826498526153,
    33.180628040603594,
    27.82371949185172,
    27.30971066134832,
    34.148692329210384,
    27.277387607855452,
    37.06974072836026,
    27.960446580930654,
    25.15427233846918,
    35.36197727979462
  ],
  "total_carbon_gco2": 18.220815600024814,
  "total_carbon_gco2_std": 1.4979086537096358,
  "total_carbon_gco2_ci_lower": 17.14927630005393,
  "total_carbon_gco2_ci_upper": 19.292354899995697,
  "total_carbon_gco2_all_runs": [
    17.27948108136147,
    17.536942898119673,
    17.9711488668209,
    18.157713755456488,
    16.78916249969013,
    20.64526480399122,
    17.94484154281057,
    19.93154485035572,
    19.94113373473722,
    16.01092196690479
  ],
  "total_carbon_kg": 0.018220815600024816,
  "total_carbon_kg_std": 0.0014979086537096357,
  "total_carbon_kg_ci_lower": 0.01714927630005393,
  "total_carbon_kg_ci_upper": 0.0192923548999957,
  "total_carbon_kg_all_runs": [
    0.017279481081361472,
    0.017536942898119672,
    0.0179711488668209,
    0.018157713755456488,
    0.01678916249969013,
    0.02064526480399122,
    0.017944841542810567,
    0.019931544850355722,
    0.019941133734737222,
    0.01601092196690479
  ],
  "carbon_avoided_gco2": 0.0,
  "carbon_avoided_gco2_std": 0.0,
  "carbon_avoided_gco2_ci_lower": 0.0,
  "carbon_avoided_gco2_ci_upper": 0.0,
  "carbon_avoided_gco2_all_runs": [
    0.0,
    0.0,
    0.0,
    0.0,
    0.0,
    0.0,
    0.0,
    0.0,
    0.0,
    0.0
  ],
  "tasks_completed": 5000.0,
  "tasks_completed_std": 0.0,
  "tasks_completed_ci_lower": 5000.0,
  "tasks_completed_ci_upper": 5000.0,
  "tasks_completed_all_runs": [
    5000,
    5000,
    5000,
    5000,
    5000,
    5000,
    5000,
    5000,
    5000,
    5000
  ],
  "tasks_generated": 5000.0,
  "tasks_generated_std": 0.0,
  "tasks_generated_ci_lower": 5000.0,
  "tasks_generated_ci_upper": 5000.0,
  "tasks_generated_all_runs": [
    5000,
    5000,
    5000,
    5000,
    5000,
    5000,
    5000,
    5000,
    5000,
    5000
  ],
  "completion_rate": 1.0,
  "completion_rate_std": 0.0,
  "completion_rate_ci_lower": 1.0,
  "completion_rate_ci_upper": 1.0,
  "completion_rate_all_runs": [
    1.0,
    1.0,
    1.0,
    1.0,
    1.0,
    1.0,
    1.0,
    1.0,
    1.0,
    1.0
  ],
  "avg_latency_sec": 2.0143372972127955,
  "avg_latency_sec_std": 0.19029004390470133,
  "avg_latency_sec_ci_lower": 1.878212000164743,
  "avg_latency_sec_ci_upper": 2.150462594260848,
  "avg_latency_sec_all_runs": [
    1.8439023797588618,
    2.2384593006246494,
    1.8411551853361308,
    1.8477522096408332,
    2.0801165416726617,
    2.031596384854383,
    2.385753826009132,
    2.064356880395544,
    1.8052744345607055,
    2.005005829275058
  ],
  "std_latency_sec": 4.034058149223284,
  "std_latency_sec_std": 0.2750792496258965,
  "std_latency_sec_ci_lower": 3.8372783083093087,
  "std_latency_sec_ci_upper": 4.2308379901372595,
  "std_latency_sec_all_runs": [
    3.9146050885557258,
    4.410220807919077,
    3.70533244678645,
    3.813796042004866,
    4.1678414623517135,
    4.049192232099912,
    4.453215146468133,
    4.173987041686616,
    3.6406415605935436,
    4.011749663766796
  ],
  "max_latency_sec": 45.90569322702326,
  "max_latency_sec_std": 3.7491025243772578,
  "max_latency_sec_ci_lower": 43.22374684495167,
  "max_latency_sec_ci_upper": 48.58763960909484,
  "max_latency_sec_all_runs": [
    49.99987066459498,
    54.10487364502889,
    43.422307279817424,
    42.17664292200509,
    45.02449369168275,
    42.25002678872358,
    45.0780710396049,
    45.58210267963985,
    43.78147310485278,
    47.63707045428238
  ],
  "operational_cost_usd": 0.005466244680007446,
  "operational_cost_usd_std": 0.0004493725961128908,
  "operational_cost_usd_ci_lower": 0.00514478289001618,
  "operational_cost_usd_ci_upper": 0.005787706469998711,
  "operational_cost_usd_all_runs": [
    0.005183844324408441,
    0.005261082869435902,
    0.00539134466004627,
    0.0054473141266369466,
    0.005036748749907038,
    0.006193579441197366,
    0.00538345246284317,
    0.005979463455106716,
    0.005982340120421166,
    0.004803276590071437
  ],
  "carbon_credits_earned_usd": 0.0,
  "carbon_credits_earned_usd_std": 0.0,
  "carbon_credits_earned_usd_ci_lower": 0.0,
  "carbon_credits_earned_usd_ci_upper": 0.0,
  "carbon_credits_earned_usd_all_runs": [
    0.0,
    0.0,
    0.0,
    0.0,
    0.0,
    0.0,
    0.0,
    0.0,
    0.0,
    0.0
  ],
  "net_cost_usd": 0.005466244680007446,
  "net_cost_usd_std": 0.0004493725961128908,
  "net_cost_usd_ci_lower": 0.00514478289001618,
  "net_cost_usd_ci_upper": 0.005787706469998711,
  "net_cost_usd_all_runs": [
    0.005183844324408441,
    0.005261082869435902,
    0.00539134466004627,
    0.0054473141266369466,
    0.005036748749907038,
    0.006193579441197366,
    0.00538345246284317,
    0.005979463455106716,
    0.005982340120421166,
    0.004803276590071437
  ],
  "blockchain_overhead": {},
  "node_stats": [
    {
      "node_id": "node_1",
      "name": "Solar Edge Node #1",
      "is_busy": false,
      "current_frequency": 1.5,
      "tasks_completed": 1248,
      "total_energy_kwh": 0.022588755762377042,
      "renewable_energy_kwh": 0.01727853240722894,
      "grid_energy_kwh": 0.0053102233551480995,
      "renewable_percent": 76.49174035520538,
      "avg_task_time": 4.515147211639302
    },
    {
      "node_id": "node_2",
      "name": "Grid-Only Node #2",
      "is_busy": false,
      "current_frequency": 2.4,
      "tasks_completed": 1250,
      "total_energy_kwh": 0.021962788893591604,
      "renewable_energy_kwh": 0.0,
      "grid_energy_kwh": 0.021962788893591604,
      "renewable_percent": 0.0,
      "avg_task_time": 1.023854865336599
    },
    {
      "node_id": "node_3",
      "name": "Wind Edge Node #3",
      "is_busy": false,
      "current_frequency": 1.4,
      "tasks_completed": 1257,
      "total_energy_kwh": 0.001007978755854416,
      "renewable_energy_kwh": 0.0007079787558544163,
      "grid_energy_kwh": 0.00030000000000000003,
      "renewable_percent": 70.23746797662379,
      "avg_task_time": 0.2192521824472882
    },
    {
      "node_id": "node_4",
      "name": "Grid-Only Node #4",
      "is_busy": false,