{
  "method": "standard",
  "use_compression": false,
  "use_blockchain": false,
  "total_energy_kwh": 0.028231666051819725,
  "renewable_energy_kwh": 0.012613893210868673,
  "grid_energy_kwh": 0.01561777284095106,
  "renewable_percent": 44.67994622674995,
  "total_carbon_gco2": 6.247109136380424,
  "total_carbon_kg": 0.006247109136380424,
  "carbon_avoided_gco2": 0.0,
  "tasks_completed": 1000,
  "tasks_generated": 1000,
  "completion_rate": 1.0,
  "avg_latency_sec": 0.539520550944904,
  "std_latency_sec": 0.20347194165172744,
  "max_latency_sec": 0.8398381964446608,
  "operational_cost_usd": 0.0018741327409141273,
  "carbon_credits_earned_usd": 0.0,
  "net_cost_usd": 0.0018741327409141273,
  "blockchain_overhead": {},
  "node_stats": [
    {
      "node_id": "node_1",
      "name": "Solar Edge Node #1",
      "is_busy": false,
      "current_frequency": 2.4,
      "tasks_completed": 250,
      "total_energy_kwh": 0.006499244897940808,
      "renewable_energy_kwh": 0.0028017277749110914,
      "grid_energy_kwh": 0.0036975171230297223,
      "renewable_percent": 43.10851212575139,
      "avg_task_time": 0.5272626846780156
    },
    {
      "node_id": "node_2",
      "name": "Wind Edge Node #2",
      "is_busy": false,
      "current_frequency": 2.2,
      "tasks_completed": 250,
      "total_energy_kwh": 0.006199260072820813,
      "renewable_energy_kwh": 0.006199260072820813,
      "grid_energy_kwh": 0.0,
      "renewable_percent": 100.0,
      "avg_task_time": 0.5588065417753969
    },
    {
      "node_id": "node_3",
      "name": "Solar Edge Node #3",
      "is_busy": false,
      "current_frequency": 3.0,
      "tasks_completed": 250,
      "total_energy_kwh": 0.008418749582966822,
      "renewable_energy_kwh": 0.0036129053631367685,
      "grid_energy_kwh": 0.004805844219830056,
      "renewable_percent": 42.91498787951306,
      "avg_task_time": 0.5473137426398296
    },
    {
      "node_id": "node_4",
      "name": "Grid-Only Node #4",
      "is_busy": false,
      "current_frequency": 2.6,
      "tasks_completed": 250,
      "total_energy_kwh": 0.007114411498091283,
      "renewable_energy_kwh": 0.0,
      "grid_energy_kwh": 0.007114411498091283,
      "renewable_percent": 0.0,
      "avg_task_time": 0.5246992346863736
    }
  ],
  "scheduler_stats": {}
}