{
  "50": {
    "method": "ecochain_ml",
    "use_compression": true,
    "use_blockchain": true,
    "total_energy_kwh": 0.01653573760102285,
    "renewable_energy_kwh": 0.013188582465973117,
    "grid_energy_kwh": 0.0033471551350497315,
    "renewable_percent": 79.758053642296,
    "total_carbon_gco2": 1.3388620540198926,
    "total_carbon_kg": 0.0013388620540198926,
    "carbon_avoided_gco2": 5.275432986389251,
    "tasks_completed": 1000,
    "tasks_generated": 1000,
    "completion_rate": 1.0,
    "avg_latency_sec": 0.4981702936189548,
    "std_latency_sec": 0.18966323208622993,
    "max_latency_sec": 0.8439263571034644,
    "operational_cost_usd": 0.00040165861620596776,
    "carbon_credits_earned_usd": 0.00026377164931946223,
    "net_cost_usd": 0.00013788696688650553,
    "blockchain_overhead": {
      "total_energy_kwh": 0.01,
      "energy_per_transaction_kwh": 1e-05,
      "transactions": 1000,
      "blocks": 2,
      "carbon_credits_earned_usd": 0.00026377164931946223,
      "carbon_avoided_gco2": 5.275432986389251,
      "verified_renewable_kwh": 0.01318858246597311,
      "verification_premium_usd": 2.637716493194622e-07,
      "blockchain_cost_usd": 0.0051,
      "net_benefit_usd": -0.004835964579031219
    },
    "node_stats": [
      {
        "node_id": "node_1",
        "name": "Solar Edge Node #1",
        "is_busy": false,
        "current_frequency": 1.9929185243170944,
        "tasks_completed": 278,
        "total_energy_kwh": 0.004418335264621132,
        "renewable_energy_kwh": 0.003868169617466566,
        "grid_energy_kwh": 0.000550165647154566,
        "renewable_percent": 87.5481235758658,
        "avg_task_time": 0.49033932179334055
      },
      {
        "node_id": "node_2",
        "name": "Wind Edge Node #2",
        "is_busy": false,
        "current_frequency": 1.8397879028447002,
        "tasks_completed": 302,
        "total_energy_kwh": 0.004085221904772633,
        "renewable_energy_kwh": 0.004085221904772633,
        "grid_energy_kwh": 0.0,
        "renewable_percent": 100.0,
        "avg_task_time": 0.5116404404139772
      },
      {
        "node_id": "node_3",
        "name": "Solar Edge Node #3",
        "is_busy": false,
        "current_frequency": 2.5533265915325227,
        "tasks_completed": 306,
        "total_energy_kwh": 0.0060971062761618015,
        "renewable_energy_kwh": 0.005235190943733918,
        "grid_energy_kwh": 0.0008619153324278821,
        "renewable_percent": 85.86353438191226,
        "avg_task_time": 0.4833908938784835
      },
      {
        "node_id": "node_4",
        "name": "Grid-Only Node #4",
        "is_busy": false,
        "current_frequency": 2.1799999999999997,
        "tasks_completed": 114,
        "total_energy_kwh": 0.0019350741554672833,
        "renewable_energy_kwh": 0.0,
        "grid_energy_kwh": 0.0019350741554672833,
        "renewable_percent": 0.0,
        "avg_task_time": 0.5212538213032383
      }
    ],
    "scheduler_stats": {
      "total_tasks_scheduled": 1000,
      "node_utilization": {
        "node_2": 302,
        "node_3": 306,
        "node_1": 278,
        "node_4": 114
      },
      "avg_renewable_forecast": 41.127274311167874,
      "avg_frequency": 2.2217107855855684,
      "compression_rate": 1.0
    },
    "execution_time_sec": 0.1625995635986328,
    "arrival_rate": 50,
    "simulated_duration_hours": 19.45011895930446,
    "throughput_tasks_per_hour": 51.41356729448816
  },
  "100": {
    "method": "ecochain_ml",
    "use_compression": true,
    "use_blockchain": true,
    "total_energy_kwh": 0.015996040006008797,
    "renewable_energy_kwh": 0.010952855661033628,
    "grid_energy_kwh": 0.0050431843449751665,
    "renewable_percent": 68.47229474869572,
    "total_carbon_gco2": 2.0172737379900667,
    "total_carbon_kg": 0.0020172737379900666,
    "carbon_avoided_gco2": 4.381142264413455,
    "tasks_completed": 1000,
    "tasks_generated": 1000,
    "completion_rate": 1.0,
    "avg_latency_sec": 0.5162888276248584,
    "std_latency_sec": 0.1965933180977569,
    "max_latency_sec": 0.8430949548942097,
    "operational_cost_usd": 0.0006051821213970199,
    "carbon_credits_earned_usd": 0.00021905711322067257,
    "net_cost_usd": 0.00038612500817634737,
    "blockchain_overhead": {
      "total_energy_kwh": 0.01,
      "energy_per_transaction_kwh": 1e-05,
      "transactions": 1000,
      "blocks": 2,
      "carbon_credits_earned_usd": 0.00021905711322067257,
      "carbon_avoided_gco2": 4.381142264413455,
      "verified_renewable_kwh": 0.01095285566103363,
      "verification_premium_usd": 2.190571132206726e-07,
      "blockchain_cost_usd": 0.0051,
      "net_benefit_usd": -0.0048807238296661075
    },
    "node_stats": [
      {
        "node_id": "node_1",
        "name": "Solar Edge Node #1",
        "is_busy": false,
        "current_frequency": 2.3169366607009074,
        "tasks_completed": 244,
        "total_energy_kwh": 0.0038596309819268165,
        "renewable_energy_kwh": 0.0025737897921935186,
        "grid_energy_kwh": 0.0012858411897332996,
        "renewable_percent": 66.68486713485296,
        "avg_task_time": 0.5380131812148058
      },
      {
        "node_id": "node_2",
        "name": "Wind Edge Node #2",
        "is_busy": false,
        "current_frequency": 1.8769126253399961,
        "tasks_completed": 362,
        "total_energy_kwh": 0.00494682676402017,
        "renewable_energy_kwh": 0.00494682676402017,
        "grid_energy_kwh": 0.0,
        "renewable_percent": 100.0,
        "avg_task_time": 0.5149757971385212
      },
      {
        "node_id": "node_3",
        "name": "Solar Edge Node #3",
        "is_busy": false,
        "current_frequency": 2.860734770290623,
        "tasks_completed": 282,
        "total_energy_kwh": 0.005281696461306351,
        "renewable_energy_kwh": 0.0034322391048199397,
        "grid_energy_kwh": 0.001849457356486408,
        "renewable_percent": 64.98364928701383,
        "avg_task_time": 0.49892376894420043
      },
      {
        "node_id": "node_4",
        "name": "Grid-Only Node #4",
        "is_busy": false,
        "current_frequency": 2.196608105154803,
        "tasks_completed": 112,
        "total_energy_kwh": 0.001907885798755459,
        "renewable_energy_kwh": 0.0,
        "grid_energy_kwh": 0.001907885798755459,
        "renewable_percent": 0.0,
        "avg_task_time": 0.5169274107324717
      }
    ],
    "scheduler_stats": {
      "total_tasks_scheduled": 1000,
      "node_utilization": {
        "node_2": 362,
        "node_3": 282,
        "node_1": 244,
        "node_4": 112
      },
      "avg_renewable_forecast": 28.773308862603354,
      "avg_frequency": 2.1213321110547825,
      "compression_rate": 1.0
    },
    "execution_time_sec": 0.16458368301391602,
    "arrival_rate": 100,
    "simulated_duration_hours": 9.60846817138309,
    "throughput_tasks_per_hour": 104.07486210739617
  },
  "200": {
    "method": "ecochain_ml",
    "use_compression": true,
    "use_blockchain": true,
    "total_energy_kwh": 0.01541592822478061,
    "renewable_energy_kwh": 0.00737601618609633,
    "grid_energy_kwh": 0.008039912038684281,
    "renewable_percent": 47.846721122115895,
    "total_carbon_gco2": 3.2159648154737126,
    "total_carbon_kg": 0.0032159648154737124,
    "carbon_avoided_gco2": 2.950406474438533,
    "tasks_completed": 1000,
    "tasks_generated": 1000,
    "completion_rate": 1.0,
    "avg_latency_sec": 0.5271954282152588,
    "std_latency_sec": 0.1984179778062489,
    "max_latency_sec": 0.8427559751329221,
    "operational_cost_usd": 0.0009647894446421137,
    "carbon_credits_earned_usd": 0.00014752032372192668,
    "net_cost_usd": 0.000817269120920187,
    "blockchain_overhead": {
      "total_energy_kwh": 0.01,
      "energy_per_transaction_kwh": 1e-05,
      "transactions": 1000,
      "blocks": 2,
      "carbon_credits_earned_usd": 0.00014752032372192668,
      "carbon_avoided_gco2": 2.950406474438533,