{
  "50": {
    "method": "ecochain_ml",
    "use_compression": true,
    "use_blockchain": true,
    "total_energy_kwh": 0.007678428916859615,
    "renewable_energy_kwh": 0.0076509772107744385,
    "grid_energy_kwh": 2.745170608517658e-05,
    "renewable_percent": 99.6424827737234,
    "total_carbon_gco2": 0.010980682434070632,
    "total_carbon_kg": 1.0980682434070632e-05,
    "carbon_avoided_gco2": 3.06039088430978,
    "tasks_completed": 1000,
    "tasks_generated": 1000,
    "completion_rate": 1.0,
    "avg_latency_sec": 0.3401911900114654,
    "std_latency_sec": 0.12539798453708448,
    "max_latency_sec": 0.699614017962925,
    "operational_cost_usd": 3.2942047302211893e-06,
    "carbon_credits_earned_usd": 0.15301954421548883,
    "net_cost_usd": -0.1530162500107586,
    "blockchain_overhead": {
      "total_energy_kwh": 0.01,
      "energy_per_transaction_kwh": 1e-05,
      "transactions": 1000,
      "blocks": 2,
      "carbon_credits_earned_usd": 0.15301954421548883,
      "carbon_avoided_gco2": 3.06039088430978,
      "verified_renewable_kwh": 0.007650977210774443,
      "blockchain_cost_usd": 0.0012,
      "net_benefit_usd": 0.15181954421548882
    },
    "node_stats": [
      {
        "node_id": "node_1",
        "name": "Solar Edge Node #1",
        "is_busy": false,
        "current_frequency": 1.5365708798018527,
        "tasks_completed": 262,
        "total_energy_kwh": 0.002045338812135628,
        "renewable_energy_kwh": 0.0020438436742554003,
        "grid_energy_kwh": 1.4951378802278458e-06,
        "renewable_percent": 99.9269002342616,
        "avg_task_time": 0.33560447530202003
      },
      {
        "node_id": "node_2",
        "name": "Wind Edge Node #2",
        "is_busy": false,
        "current_frequency": 2.015751503858388,
        "tasks_completed": 454,
        "total_energy_kwh": 0.0029536307737925436,
        "renewable_energy_kwh": 0.0029335033603550085,
        "grid_energy_kwh": 2.012741343753517e-05,
        "renewable_percent": 99.31855350316211,
        "avg_task_time": 0.3241730892405027
      },
      {
        "node_id": "node_3",
        "name": "Hybrid Edge Node #3",
        "is_busy": false,
        "current_frequency": 2.113762735430033,
        "tasks_completed": 283,
        "total_energy_kwh": 0.0026762366832163344,
        "renewable_energy_kwh": 0.00267363017616403,
        "grid_energy_kwh": 2.606507052304316e-06,
        "renewable_percent": 99.90260551061681,
        "avg_task_time": 0.32543540795011283
      },
      {
        "node_id": "node_4",
        "name": "Grid-Only Node (Baseline) #4",
        "is_busy": false,
        "current_frequency": 1.4228842498577707,
        "tasks_completed": 1,
        "total_energy_kwh": 3.222647715109245e-06,
        "renewable_energy_kwh": 0.0,
        "grid_energy_kwh": 3.222647715109245e-06,
        "renewable_percent": 0.0,
        "avg_task_time": 0.4900145172658988
      }
    ],
    "scheduler_stats": {
      "total_tasks_scheduled": 1000,
      "node_utilization": {
        "node_2": 454,
        "node_3": 283,
        "node_1": 262,
        "node_4": 1
      },
      "avg_renewable_forecast": 98.19461083042702,
      "avg_frequency": 2.256938550159537,
      "compression_rate": 1.0
    },
    "execution_time_sec": 0.16315531730651855,
    "arrival_rate": 50,
    "simulated_duration_hours": 19.894089663684646,
    "throughput_tasks_per_hour": 50.26618543021018
  },
  "100": {
    "method": "ecochain_ml",
    "use_compression": true,
    "use_blockchain": true,
    "total_energy_kwh": 0.007630932808083213,
    "renewable_energy_kwh": 0.007576416987187665,
    "grid_energy_kwh": 5.451582089554778e-05,
    "renewable_percent": 99.28559427442735,
    "total_carbon_gco2": 0.021806328358219114,
    "total_carbon_kg": 2.1806328358219115e-05,
    "carbon_avoided_gco2": 3.0305667948750687,
    "tasks_completed": 1000,
    "tasks_generated": 1000,
    "completion_rate": 1.0,
    "avg_latency_sec": 0.3367504701685291,
    "std_latency_sec": 0.1344499992562823,
    "max_latency_sec": 1.1371861875972409,
    "operational_cost_usd": 6.541898507465733e-06,
    "carbon_credits_earned_usd": 0.15152833974375338,
    "net_cost_usd": -0.15152179784524591,
    "blockchain_overhead": {
      "total_energy_kwh": 0.01,
      "energy_per_transaction_kwh": 1e-05,
      "transactions": 1000,
      "blocks": 2,
      "carbon_credits_earned_usd": 0.15152833974375338,
      "carbon_avoided_gco2": 3.0305667948750687,
      "verified_renewable_kwh": 0.007576416987187664,
      "blockchain_cost_usd": 0.0012,
      "net_benefit_usd": 0.15032833974375337
    },
    "node_stats": [
      {
        "node_id": "node_1",
        "name": "Solar Edge Node #1",
        "is_busy": false,
        "current_frequency": 2.074188498459783,
        "tasks_completed": 156,
        "total_energy_kwh": 0.0012541079826889662,
        "renewable_energy_kwh": 0.0012529809964088696,
        "grid_energy_kwh": 1.1269862800965981e-06,
        "renewable_percent": 99.91013642400391,
        "avg_task_time": 0.3341408088472881
      },
      {
        "node_id": "node_2",
        "name": "Wind Edge Node #2",
        "is_busy": false,
        "current_frequency": 2.0155991591755753,
        "tasks_completed": 609,
        "total_energy_kwh": 0.004056567270077399,
        "renewable_energy_kwh": 0.0040132399304235325,
        "grid_energy_kwh": 4.3327339653865906e-05,
        "renewable_percent": 98.93192108575485,
        "avg_task_time": 0.33588814034385023
      },
      {
        "node_id": "node_3",
        "name": "Hybrid Edge Node #3",
        "is_busy": false,
        "current_frequency": 2.7724841363686124,
        "tasks_completed": 234,
        "total_energy_kwh": 0.002314150690895998,
        "renewable_energy_kwh": 0.002310196060355263,
        "grid_energy_kwh": 3.954630540735452e-06,
        "renewable_percent": 99.82911093230477,
        "avg_task_time": 0.3389356327876099
      },
      {
        "node_id": "node_4",
        "name": "Grid-Only Node (Baseline) #4",
        "is_busy": false,
        "current_frequency": 1.539020529418399,
        "tasks_completed": 1,
        "total_energy_kwh": 6.106864420849828e-06,
        "renewable_energy_kwh": 0.0,
        "grid_energy_kwh": 6.106864420849828e-06,
        "renewable_percent": 0.0,
        "avg_task_time": 0.7576884466465005
      }
    ],
    "scheduler_stats": {
      "total_tasks_scheduled": 1000,
      "node_utilization": {
        "node_2": 609,
        "node_3": 234,
        "node_1": 156,
        "node_4": 1
      },
      "avg_renewable_forecast": 97.44008912692264,
      "avg_frequency": 2.1977254701324638,
      "compression_rate": 1.0
    },
    "execution_time_sec": 0.17909812927246094,
    "arrival_rate": 100,
    "simulated_duration_hours": 10.25282229855147,
    "throughput_tasks_per_hour": 97.53411996044066
  },
  "200": {
    "method": "ecochain_ml",
    "use_compression": true,
    "use_blockchain": true,
    "total_energy_kwh": 0.006467379302583047,
    "renewable_energy_kwh": 0.006411804604889681,
    "grid_energy_kwh": 5.557469769336682e-05,
    "renewable_percent": 99.14069215530363,
    "total_carbon_gco2": 0.022229879077346727,
    "total_carbon_kg": 2.2229879077346727e-05,
    "carbon_avoided_gco2": 2.564721841955874,
    "tasks_completed": 1000,
    "tasks_generated": 1000,
    "completion_rate": 1.0,
    "avg_latency_sec": 0.38298419975944703,
    "std_latency_sec": 0.13276833479897057,
    "max_latency_sec": 1.1176635724319153,
    "operational_cost_usd": 6.668963723204018e-06,
    "carbon_credits_earned_usd": 0.1282360920977937,
    "net_cost_usd": -0.1282294231340705,
    "blockchain_overhead": {
      "total_energy_kwh": 0.01,
      "energy_per_transaction_kwh": 1e-05,
      "transactions": 1000,
      "blocks": 2,
      "carbon_credits_earned_usd": 0.1282360920977937,
      "carbon_avoided_gco2": 2.564721841955874,
      "verified_renewable_kwh": 0.006411804604889681,