{
  "50": {
    "method": "ecochain_ml",
    "use_compression": true,
    "use_blockchain": true,
    "total_energy_kwh": 0.09568303753313909,
    "renewable_energy_kwh": 0.05057633269001416,
    "grid_energy_kwh": 0.045106704843124644,
    "renewable_percent": 52.85820140534045,
    "total_carbon_gco2": 18.042681937249856,
    "total_carbon_kg": 0.018042681937249856,
    "carbon_avoided_gco2": 20.230533076005685,
    "tasks_completed": 5000,
    "tasks_generated": 5000,
    "completion_rate": 1.0,
    "avg_latency_sec": 6.443593840493877,
    "std_latency_sec": 10.61819681134028,
    "max_latency_sec": 53.58059381952155,
    "operational_cost_usd": 0.005412804581174957,
    "carbon_credits_earned_usd": 0.00020230533076005688,
    "net_cost_usd": 0.0052104992504149,
    "blockchain_overhead": {
      "total_energy_kwh": 4.96,
      "energy_per_transaction_kwh": 0.001,
      "transactions": 4960,
      "blocks": 2,
      "carbon_credits_earned_usd": 0.00020230533076005688,
      "carbon_avoided_gco2": 20.230533076005685,
      "verified_renewable_kwh": 0.050576332690014145,
      "verification_premium_usd": 5.057633269001415e-05,
      "blockchain_energy_cost_usd": 0.5952,
      "blockchain_tx_fees_usd": 0.496,
      "blockchain_cost_usd": 1.0912,
      "net_benefit_usd": -1.0909471183365498,
      "roi_percent": -99.97682536075419
    },
    "node_stats": [
      {
        "node_id": "node_1",
        "name": "Solar Edge Node #1",
        "is_busy": false,
        "current_frequency": 1.4503560655346985,
        "tasks_completed": 2577,
        "total_energy_kwh": 0.07265397961721431,
        "renewable_energy_kwh": 0.04925397961721411,
        "grid_energy_kwh": 0.023399999999999914,
        "renewable_percent": 67.79254195945529,
        "avg_task_time": 6.480155779097723
      },
      {
        "node_id": "node_2",
        "name": "Grid-Only Node #2",
        "is_busy": false,
        "current_frequency": 1.9654698306876572,
        "tasks_completed": 1,
        "total_energy_kwh": 6.704843124804162e-06,
        "renewable_energy_kwh": 0.0,
        "grid_energy_kwh": 6.704843124804162e-06,
        "renewable_percent": 0.0,
        "avg_task_time": 0.6865441872017097
      },
      {
        "node_id": "node_3",
        "name": "Wind Edge Node #3",
        "is_busy": false,
        "current_frequency": 1.2979155185621787,
        "tasks_completed": 2382,
        "total_energy_kwh": 0.023022353072799966,
        "renewable_energy_kwh": 0.001322353072800049,
        "grid_energy_kwh": 0.021699999999999924,
        "renewable_percent": 5.743778963942478,
        "avg_task_time": 0.28413988897873793
      },
      {
        "node_id": "node_4",
        "name": "Grid-Only Node #4",
        "is_busy": false,
        "current_frequency": 3.5,
        "tasks_completed": 0,
        "total_energy_kwh": 0.0,
        "renewable_energy_kwh": 0.0,
        "grid_energy_kwh": 0.0,
        "renewable_percent": 0,
        "avg_task_time": 0
      }
    ],
    "scheduler_stats": {
      "total_tasks_scheduled": 5411,
      "node_utilization": {
        "node_3": 2599,
        "node_1": 2811,
        "node_2": 1
      },
      "avg_renewable_forecast": 99.77201892187952,
      "avg_frequency": 1.4159795745701518,
      "compression_rate": 1.0
    },
    "task_failures": 411,
    "task_failure_rate": 8.219999999999999,
    "retries_attempted": 411,
    "retry_success_rate": 90.2676399026764,
    "execution_time_sec": 1.3695158958435059,
    "arrival_rate": 50,
    "simulated_duration_hours": 37.8456776917492,
    "throughput_tasks_per_hour": 132.11548332479876
  },
  "100": {
    "method": "ecochain_ml",
    "use_compression": true,
    "use_blockchain": true,
    "total_energy_kwh": 0.09225669486980669,
    "renewable_energy_kwh": 0.04935161829210972,
    "grid_energy_kwh": 0.04290507657769643,
    "renewable_percent": 53.49380699336247,
    "total_carbon_gco2": 17.162030631078572,
    "total_carbon_kg": 0.017162030631078573,
    "carbon_avoided_gco2": 19.74064731684386,
    "tasks_completed": 5000,
    "tasks_generated": 5000,
    "completion_rate": 1.0,
    "avg_latency_sec": 6.388513040746749,
    "std_latency_sec": 10.545207372817405,
    "max_latency_sec": 62.07192325429232,
    "operational_cost_usd": 0.005148609189323572,
    "carbon_credits_earned_usd": 0.0001974064731684388,
    "net_cost_usd": 0.004951202716155133,
    "blockchain_overhead": {
      "total_energy_kwh": 4.973,
      "energy_per_transaction_kwh": 0.001,
      "transactions": 4973,
      "blocks": 2,
      "carbon_credits_earned_usd": 0.0001974064731684388,
      "carbon_avoided_gco2": 19.74064731684386,
      "verified_renewable_kwh": 0.04935161829210985,
      "verification_premium_usd": 4.935161829210985e-05,
      "blockchain_energy_cost_usd": 0.59676,
      "blockchain_tx_fees_usd": 0.4973,
      "blockchain_cost_usd": 1.09406,
      "net_benefit_usd": -1.0938132419085396,
      "roi_percent": -99.97744565275575
    },
    "node_stats": [
      {
        "node_id": "node_1",
        "name": "Solar Edge Node #1",
        "is_busy": false,
        "current_frequency": 1.4467199475384032,
        "tasks_completed": 2536,
        "total_energy_kwh": 0.07052473520810956,
        "renewable_energy_kwh": 0.04791965863041248,
        "grid_energy_kwh": 0.022605076577696503,
        "renewable_percent": 67.94730740783022,
        "avg_task_time": 6.585014217949915
      },
      {
        "node_id": "node_2",
        "name": "Grid-Only Node #2",
        "is_busy": false,
        "current_frequency": 2.4,
        "tasks_completed": 0,
        "total_energy_kwh": 0.0,
        "renewable_energy_kwh": 0.0,
        "grid_energy_kwh": 0.0,
        "renewable_percent": 0,
        "avg_task_time": 0
      },
      {
        "node_id": "node_3",
        "name": "Wind Edge Node #3",
        "is_busy": false,
        "current_frequency": 1.355723932150461,
        "tasks_completed": 2437,
        "total_energy_kwh": 0.02173195966169712,
        "renewable_energy_kwh": 0.0014319596616972367,
        "grid_energy_kwh": 0.020299999999999933,
        "renewable_percent": 6.58918792409267,
        "avg_task_time": 0.2987563180191802
      },
      {
        "node_id": "node_4",
        "name": "Grid-Only Node #4",
        "is_busy": false,
        "current_frequency": 3.5,
        "tasks_completed": 0,
        "total_energy_kwh": 0.0,
        "renewable_energy_kwh": 0.0,
        "grid_energy_kwh": 0.0,
        "renewable_percent": 0,
        "avg_task_time": 0
      }
    ],
    "scheduler_stats": {
      "total_tasks_scheduled": 5402,
      "node_utilization": {
        "node_3": 2640,
        "node_1": 2762
      },
      "avg_renewable_forecast": 99.75560026419659,
      "avg_frequency": 1.4027853281513032,
      "compression_rate": 1.0
    },
    "task_failures": 402,
    "task_failure_rate": 8.04,
    "retries_attempted": 402,
    "retry_success_rate": 93.28358208955224,
    "execution_time_sec": 1.3154165744781494,
    "arrival_rate": 100,
    "simulated_duration_hours": 16.520796225235443,
    "throughput_tasks_per_hour": 302.64885129219874
  },
  "200": {
    "method": "ecochain_ml",
    "use_compression": true,
    "use_blockchain": true,
    "total_energy_kwh": 0.1104323086155025,
    "renewable_energy_kwh": 0.06627462016609305,
    "grid_energy_kwh": 0.04415768844940898,
    "renewable_percent": 60.01379577859283,
    "total_carbon_gco2": 17.663075379763594,
    "total_carbon_kg": 0.017663075379763592,
    "carbon_avoided_gco2": 26.509848066437282,
    "tasks_completed": 5000,
    "tasks_generated": 5000,
    "completion_rate": 1.0,
    "avg_latency_sec": 7.540744505131207,
    "std_latency_sec": 11.134355568351975,
    "max_latency_sec": 64.24206008768415,
    "operational_cost_usd": 0.005298922613929078,
    "carbon_credits_earned_usd": 0.00026509848066437166,
    "net_cost_usd": 0.005033824133264706,
    "blockchain_overhead": {
      "total_energy_kwh": 4.972,