{
  "50": {
    "method": "ecochain_ml",
    "use_compression": true,
    "use_blockchain": true,
    "total_energy_kwh": 0.04143772238850732,
    "renewable_energy_kwh": 0.017783693355867103,
    "grid_energy_kwh": 0.023654029032640224,
    "renewable_percent": 42.916676715801785,
    "total_carbon_gco2": 9.461611613056089,
    "total_carbon_kg": 0.009461611613056089,
    "carbon_avoided_gco2": 7.1134773423468385,
    "tasks_completed": 5000,
    "tasks_generated": 5000,
    "completion_rate": 1.0,
    "avg_latency_sec": 1.7861846055736161,
    "std_latency_sec": 3.854218103541413,
    "max_latency_sec": 42.39443339041338,
    "operational_cost_usd": 0.002838483483916827,
    "carbon_credits_earned_usd": 7.113477342346847e-05,
    "net_cost_usd": 0.0027673487104933584,
    "blockchain_overhead": {
      "total_energy_kwh": 5.0,
      "energy_per_transaction_kwh": 0.001,
      "transactions": 5000,
      "blocks": 2,
      "carbon_credits_earned_usd": 7.113477342346847e-05,
      "carbon_avoided_gco2": 7.1134773423468385,
      "verified_renewable_kwh": 0.01778369335586708,
      "verification_premium_usd": 1.7783693355867077e-05,
      "blockchain_energy_cost_usd": 0.6,
      "blockchain_tx_fees_usd": 0.5,
      "blockchain_cost_usd": 1.1,
      "net_benefit_usd": -1.0999110815332207,
      "roi_percent": -99.99191650302005
    },
    "node_stats": [
      {
        "node_id": "node_1",
        "name": "Solar Edge Node #1",
        "is_busy": false,
        "current_frequency": 1.5,
        "tasks_completed": 1533,
        "total_energy_kwh": 0.019109341768332712,
        "renewable_energy_kwh": 0.017307528412835723,
        "grid_energy_kwh": 0.0018018133554969901,
        "renewable_percent": 90.57103390927422,
        "avg_task_time": 3.803668589431913
      },
      {
        "node_id": "node_2",
        "name": "Grid-Only Node #2",
        "is_busy": false,
        "current_frequency": 2.288394195478155,
        "tasks_completed": 983,
        "total_energy_kwh": 0.01209488899720231,
        "renewable_energy_kwh": 0.0,
        "grid_energy_kwh": 0.01209488899720231,
        "renewable_percent": 0.0,
        "avg_task_time": 0.9166024707688416
      },
      {
        "node_id": "node_3",
        "name": "Wind Edge Node #3",
        "is_busy": false,
        "current_frequency": 1.4,
        "tasks_completed": 1471,
        "total_energy_kwh": 0.001976164943031378,
        "renewable_energy_kwh": 0.0004761649430313791,
        "grid_energy_kwh": 0.0015000000000000005,
        "renewable_percent": 24.095404824910833,
        "avg_task_time": 0.15722056681006702
      },
      {
        "node_id": "node_4",
        "name": "Grid-Only Node #4",
        "is_busy": false,
        "current_frequency": 3.396679654105916,
        "tasks_completed": 1013,
        "total_energy_kwh": 0.008257326679940922,
        "renewable_energy_kwh": 0.0,
        "grid_energy_kwh": 0.008257326679940922,
        "renewable_percent": 0.0,
        "avg_task_time": 0.4099776877843806
      }
    ],
    "scheduler_stats": {
      "total_tasks_scheduled": 5043,
      "node_utilization": {
        "node_3": 1486,
        "node_2": 992,
        "node_1": 1547,
        "node_4": 1018
      },
      "avg_renewable_forecast": 74.28755187988281,
      "avg_frequency": 2.0086621466018384,
      "compression_rate": 1.0
    },
    "task_failures": 43,
    "task_failure_rate": 0.86,
    "retries_attempted": 43,
    "retry_success_rate": 100.0,
    "execution_time_sec": 11.213491439819336,
    "arrival_rate": 50.0,
    "simulated_duration_hours": 37.8456776917492,
    "throughput_tasks_per_hour": 132.11548332479876
  },
  "100": {
    "method": "ecochain_ml",
    "use_compression": true,
    "use_blockchain": true,
    "total_energy_kwh": 0.04143110268972272,
    "renewable_energy_kwh": 0.017962783374248576,
    "grid_energy_kwh": 0.02346831931547417,
    "renewable_percent": 43.35579361421238,
    "total_carbon_gco2": 9.387327726189667,
    "total_carbon_kg": 0.009387327726189668,
    "carbon_avoided_gco2": 7.1851133496994315,
    "tasks_completed": 5000,
    "tasks_generated": 5000,
    "completion_rate": 1.0,
    "avg_latency_sec": 1.8221050948534538,
    "std_latency_sec": 3.856355117560238,
    "max_latency_sec": 42.8895198494376,
    "operational_cost_usd": 0.0028161983178569003,
    "carbon_credits_earned_usd": 7.185113349699452e-05,
    "net_cost_usd": 0.0027443471843599057,
    "blockchain_overhead": {
      "total_energy_kwh": 5.0,
      "energy_per_transaction_kwh": 0.001,
      "transactions": 5000,
      "blocks": 2,
      "carbon_credits_earned_usd": 7.185113349699452e-05,
      "carbon_avoided_gco2": 7.1851133496994315,
      "verified_renewable_kwh": 0.01796278337424854,
      "verification_premium_usd": 1.7962783374248542e-05,
      "blockchain_energy_cost_usd": 0.6,
      "blockchain_tx_fees_usd": 0.5,
      "blockchain_cost_usd": 1.1,
      "net_benefit_usd": -1.0999101860831288,
      "roi_percent": -99.99183509846625
    },
    "node_stats": [
      {
        "node_id": "node_1",
        "name": "Solar Edge Node #1",
        "is_busy": false,
        "current_frequency": 1.5,
        "tasks_completed": 1644,
        "total_energy_kwh": 0.019991588064635236,
        "renewable_energy_kwh": 0.017419544208805225,
        "grid_energy_kwh": 0.0025720438558300357,
        "renewable_percent": 87.13436947823115,
        "avg_task_time": 3.70948158050452
      },
      {
        "node_id": "node_2",
        "name": "Grid-Only Node #2",
        "is_busy": false,
        "current_frequency": 2.2928314246166175,
        "tasks_completed": 886,
        "total_energy_kwh": 0.00909846589387908,
        "renewable_energy_kwh": 0.0,
        "grid_energy_kwh": 0.00909846589387908,
        "renewable_percent": 0.0,
        "avg_task_time": 0.7608889459859669
      },
      {
        "node_id": "node_3",
        "name": "Wind Edge Node #3",
        "is_busy": false,
        "current_frequency": 1.4,
        "tasks_completed": 1578,
        "total_energy_kwh": 0.0018432391654433535,
        "renewable_energy_kwh": 0.0005432391654433508,
        "grid_energy_kwh": 0.0013000000000000004,
        "renewable_percent": 29.47198473360812,
        "avg_task_time": 0.16751803243493835
      },
      {
        "node_id": "node_4",
        "name": "Grid-Only Node #4",
        "is_busy": false,
        "current_frequency": 3.3785962059470425,
        "tasks_completed": 892,
        "total_energy_kwh": 0.01049780956576505,
        "renewable_energy_kwh": 0.0,
        "grid_energy_kwh": 0.01049780956576505,
        "renewable_percent": 0.0,
        "avg_task_time": 0.5844693885559975
      }
    ],
    "scheduler_stats": {
      "total_tasks_scheduled": 5043,
      "node_utilization": {
        "node_3": 1591,
        "node_2": 893,
        "node_1": 1659,
        "node_4": 900
      },
      "avg_renewable_forecast": 91.92243194580078,
      "avg_frequency": 1.9442677311991552,
      "compression_rate": 1.0
    },
    "task_failures": 43,
    "task_failure_rate": 0.86,
    "retries_attempted": 43,
    "retry_success_rate": 100.0,
    "execution_time_sec": 11.04055404663086,
    "arrival_rate": 100.0,
    "simulated_duration_hours": 16.520796225235443,
    "throughput_tasks_per_hour": 302.64885129219874
  },
  "200": {
    "method": "ecochain_ml",
    "use_compression": true,
    "use_blockchain": true,
    "total_energy_kwh": 0.04801986747310987,
    "renewable_energy_kwh": 0.019079929534922418,
    "grid_energy_kwh": 0.02893993793818745,
    "renewable_percent": 39.733407314392906,
    "total_carbon_gco2": 11.57597517527498,
    "total_carbon_kg": 0.01157597517527498,
    "carbon_avoided_gco2": 7.631971813968961,
    "tasks_completed": 5000,
    "tasks_generated": 5000,
    "completion_rate": 1.0,
    "avg_latency_sec": 2.0694168775225696,
    "std_latency_sec": 4.01436875908393,
    "max_latency_sec": 46.4046284998079,
    "operational_cost_usd": 0.003472792552582494,