{
  "50": {
    "method": "ecochain_ml",
    "use_compression": true,
    "use_blockchain": true,
    "total_energy_kwh": 0.09608825438553667,
    "renewable_energy_kwh": 0.05098096203514537,
    "grid_energy_kwh": 0.04510729235039117,
    "renewable_percent": 53.05639316809058,
    "total_carbon_gco2": 18.042916940156466,
    "total_carbon_kg": 0.018042916940156466,
    "carbon_avoided_gco2": 20.39238481405815,
    "tasks_completed": 5000,
    "tasks_generated": 5000,
    "completion_rate": 1.0,
    "avg_latency_sec": 6.443593840493877,
    "std_latency_sec": 10.61819681134028,
    "max_latency_sec": 53.58059381952155,
    "operational_cost_usd": 0.00541287508204694,
    "carbon_credits_earned_usd": 0.0002039238481405814,
    "net_cost_usd": 0.0052089512339063586,
    "blockchain_overhead": {
      "total_energy_kwh": 4.96,
      "energy_per_transaction_kwh": 0.001,
      "transactions": 4960,
      "blocks": 2,
      "carbon_credits_earned_usd": 0.0002039238481405814,
      "carbon_avoided_gco2": 20.39238481405815,
      "verified_renewable_kwh": 0.05098096203514534,
      "verification_premium_usd": 5.098096203514534e-05,
      "blockchain_energy_cost_usd": 0.5952,
      "blockchain_tx_fees_usd": 0.496,
      "blockchain_cost_usd": 1.0912,
      "net_benefit_usd": -1.0909450951898243,
      "roi_percent": -99.97663995507922
    },
    "node_stats": [
      {
        "node_id": "node_1",
        "name": "Solar Edge Node #1",
        "is_busy": false,
        "current_frequency": 1.4503560655346985,
        "tasks_completed": 2577,
        "total_energy_kwh": 0.07303364489699948,
        "renewable_energy_kwh": 0.0496336448969994,
        "grid_energy_kwh": 0.023399999999999914,
        "renewable_percent": 67.95997237574343,
        "avg_task_time": 6.480155779097723
      },
      {
        "node_id": "node_2",
        "name": "Grid-Only Node #2",
        "is_busy": false,
        "current_frequency": 1.9654698306876572,
        "tasks_completed": 1,
        "total_energy_kwh": 7.292350391327085e-06,
        "renewable_energy_kwh": 0.0,
        "grid_energy_kwh": 7.292350391327085e-06,
        "renewable_percent": 0.0,
        "avg_task_time": 0.6865441872017097
      },
      {
        "node_id": "node_3",
        "name": "Wind Edge Node #3",
        "is_busy": false,
        "current_frequency": 1.2979155185621787,
        "tasks_completed": 2382,
        "total_energy_kwh": 0.02304731713814586,
        "renewable_energy_kwh": 0.0013473171381459656,
        "grid_energy_kwh": 0.021699999999999924,
        "renewable_percent": 5.845874077534199,
        "avg_task_time": 0.28413988897873793
      },
      {
        "node_id": "node_4",
        "name": "Grid-Only Node #4",
        "is_busy": false,
        "current_frequency": 3.5,
        "tasks_completed": 0,
        "total_energy_kwh": 0.0,
        "renewable_energy_kwh": 0.0,
        "grid_energy_kwh": 0.0,
        "renewable_percent": 0,
        "avg_task_time": 0
      }
    ],
    "scheduler_stats": {
      "total_tasks_scheduled": 5411,
      "node_utilization": {
        "node_3": 2599,
        "node_1": 2811,
        "node_2": 1
      },
      "avg_renewable_forecast": 99.77201892187952,
      "avg_frequency": 1.4159795745701518,
      "compression_rate": 1.0
    },
    "task_failures": 411,
    "task_failure_rate": 8.219999999999999,
    "retries_attempted": 411,
    "retry_success_rate": 90.2676399026764,
    "execution_time_sec": 1.4792938232421875,
    "arrival_rate": 50,
    "simulated_duration_hours": 37.8456776917492,
    "throughput_tasks_per_hour": 132.11548332479876
  },
  "100": {
    "method": "ecochain_ml",
    "use_compression": true,
    "use_blockchain": true,
    "total_energy_kwh": 0.09301224993192242,
    "renewable_energy_kwh": 0.0501062162413611,
    "grid_energy_kwh": 0.04290603369056098,
    "renewable_percent": 53.870556059051225,
    "total_carbon_gco2": 17.16241347622439,
    "total_carbon_kg": 0.01716241347622439,
    "carbon_avoided_gco2": 20.042486496544413,
    "tasks_completed": 5000,
    "tasks_generated": 5000,
    "completion_rate": 1.0,
    "avg_latency_sec": 6.388513040746749,
    "std_latency_sec": 10.545207372817405,
    "max_latency_sec": 62.07192325429232,
    "operational_cost_usd": 0.005148724042867318,
    "carbon_credits_earned_usd": 0.0002004248649654445,
    "net_cost_usd": 0.0049482991779018735,
    "blockchain_overhead": {
      "total_energy_kwh": 4.973,
      "energy_per_transaction_kwh": 0.001,
      "transactions": 4973,
      "blocks": 2,
      "carbon_credits_earned_usd": 0.0002004248649654445,
      "carbon_avoided_gco2": 20.042486496544413,
      "verified_renewable_kwh": 0.0501062162413611,
      "verification_premium_usd": 5.01062162413611e-05,
      "blockchain_energy_cost_usd": 0.59676,
      "blockchain_tx_fees_usd": 0.4973,
      "blockchain_cost_usd": 1.09406,
      "net_benefit_usd": -1.0938094689187932,
      "roi_percent": -99.97710079143677
    },
    "node_stats": [
      {
        "node_id": "node_1",
        "name": "Solar Edge Node #1",
        "is_busy": false,
        "current_frequency": 1.4467199475384032,
        "tasks_completed": 2536,
        "total_energy_kwh": 0.0712567995010466,
        "renewable_energy_kwh": 0.04865076581048516,
        "grid_energy_kwh": 0.022606033690561043,
        "renewable_percent": 68.27526095916024,
        "avg_task_time": 6.585014217949915
      },
      {
        "node_id": "node_2",
        "name": "Grid-Only Node #2",
        "is_busy": false,
        "current_frequency": 2.4,
        "tasks_completed": 0,
        "total_energy_kwh": 0.0,
        "renewable_energy_kwh": 0.0,
        "grid_energy_kwh": 0.0,
        "renewable_percent": 0,
        "avg_task_time": 0
      },
      {
        "node_id": "node_3",
        "name": "Wind Edge Node #3",
        "is_busy": false,
        "current_frequency": 1.355723932150461,
        "tasks_completed": 2437,
        "total_energy_kwh": 0.02175545043087581,
        "renewable_energy_kwh": 0.0014554504308759437,
        "grid_energy_kwh": 0.020299999999999933,
        "renewable_percent": 6.690049629174015,
        "avg_task_time": 0.2987563180191802
      },
      {
        "node_id": "node_4",
        "name": "Grid-Only Node #4",
        "is_busy": false,
        "current_frequency": 3.5,
        "tasks_completed": 0,
        "total_energy_kwh": 0.0,
        "renewable_energy_kwh": 0.0,
        "grid_energy_kwh": 0.0,
        "renewable_percent": 0,
        "avg_task_time": 0
      }
    ],
    "scheduler_stats": {
      "total_tasks_scheduled": 5402,
      "node_utilization": {
        "node_3": 2640,
        "node_1": 2762
      },
      "avg_renewable_forecast": 99.75560026419659,
      "avg_frequency": 1.4027853281513032,
      "compression_rate": 1.0
    },
    "task_failures": 402,
    "task_failure_rate": 8.04,
    "retries_attempted": 402,
    "retry_success_rate": 93.28358208955224,
    "execution_time_sec": 1.4464592933654785,
    "arrival_rate": 100,
    "simulated_duration_hours": 16.520796225235443,
    "throughput_tasks_per_hour": 302.64885129219874
  },
  "200": {
    "method": "ecochain_ml",
    "use_compression": true,
    "use_blockchain": true,
    "total_energy_kwh": 0.11089763737254667,
    "renewable_energy_kwh": 0.06670581209248369,
    "grid_energy_kwh": 0.04419182528006265,
    "renewable_percent": 60.15079642174332,
    "total_carbon_gco2": 17.67673011202506,
    "total_carbon_kg": 0.017676730112025058,
    "carbon_avoided_gco2": 26.682324836993477,
    "tasks_completed": 5000,
    "tasks_generated": 5000,
    "completion_rate": 1.0,
    "avg_latency_sec": 7.540744505131207,
    "std_latency_sec": 11.134355568351975,
    "max_latency_sec": 64.24206008768415,
    "operational_cost_usd": 0.005303019033607518,
    "carbon_credits_earned_usd": 0.00026682324836993374,
    "net_cost_usd": 0.005036195785237584,
    "blockchain_overhead": {
      "total_energy_kwh": 4.972,
      "energy_per_transaction_kwh": 0.001,