{
  "100": {
    "method": "ecochain_ml",
    "use_compression": true,
    "use_blockchain": true,
    "total_energy_kwh": 0.0013990875798721354,
    "renewable_energy_kwh": 0.0007224121699871092,
    "grid_energy_kwh": 0.000676675409885026,
    "renewable_percent": 51.63452098210546,
    "total_carbon_gco2": 0.27067016395401045,
    "total_carbon_kg": 0.00027067016395401045,
    "carbon_avoided_gco2": 0.28896486799484356,
    "tasks_completed": 100,
    "tasks_generated": 100,
    "completion_rate": 1.0,
    "avg_latency_sec": 0.48381479083729745,
    "std_latency_sec": 0.17554540780351227,
    "max_latency_sec": 0.8317412339701141,
    "operational_cost_usd": 8.120104918620312e-05,
    "carbon_credits_earned_usd": 1.4448243399742177e-05,
    "net_cost_usd": 6.675280578646094e-05,
    "blockchain_overhead": {
      "total_energy_kwh": 0.001,
      "energy_per_transaction_kwh": 1e-05,
      "transactions": 100,
      "blocks": 2,
      "carbon_credits_earned_usd": 1.4448243399742177e-05,
      "carbon_avoided_gco2": 0.28896486799484356,
      "verified_renewable_kwh": 0.0007224121699871092,
      "verification_premium_usd": 1.4448243399742186e-08,
      "blockchain_cost_usd": 0.0006000000000000001,
      "net_benefit_usd": -0.0005855373083568582
    },
    "node_stats": [
      {
        "node_id": "node_1",
        "name": "Solar Edge Node #1",
        "is_busy": false,
        "current_frequency": 1.92,
        "tasks_completed": 14,
        "total_energy_kwh": 0.00017287576448268252,
        "renewable_energy_kwh": 0.0,
        "grid_energy_kwh": 0.00017287576448268252,
        "renewable_percent": 0.0,
        "avg_task_time": 0.44850054054067445
      },
      {
        "node_id": "node_2",
        "name": "Wind Edge Node #2",
        "is_busy": false,
        "current_frequency": 1.8194300906146328,
        "tasks_completed": 54,
        "total_energy_kwh": 0.0007224121699871092,
        "renewable_energy_kwh": 0.0007224121699871092,
        "grid_energy_kwh": 0.0,
        "renewable_percent": 100.0,
        "avg_task_time": 0.5016461296447117
      },
      {
        "node_id": "node_3",
        "name": "Solar Edge Node #3",
        "is_busy": false,
        "current_frequency": 2.4247809309562007,
        "tasks_completed": 15,
        "total_energy_kwh": 0.00023007231347446446,
        "renewable_energy_kwh": 0.0,
        "grid_energy_kwh": 0.00023007231347446446,
        "renewable_percent": 0.0,
        "avg_task_time": 0.4405243756065048
      },
      {
        "node_id": "node_4",
        "name": "Grid-Only Node #4",
        "is_busy": false,
        "current_frequency": 2.1799999999999997,
        "tasks_completed": 17,
        "total_energy_kwh": 0.00027372733192787904,
        "renewable_energy_kwh": 0.0,
        "grid_energy_kwh": 0.00027372733192787904,
        "renewable_percent": 0.0,
        "avg_task_time": 0.494453816544018
      }
    ],
    "scheduler_stats": {
      "total_tasks_scheduled": 100,
      "node_utilization": {
        "node_2": 54,
        "node_3": 15,
        "node_1": 14,
        "node_4": 17
      },
      "avg_renewable_forecast": 21.382751571886885,
      "avg_frequency": 1.999401801243922,
      "compression_rate": 1.0
    },
    "execution_time_sec": 0.029906749725341797,
    "workload_size": 100,
    "simulated_duration_hours": 0.9147480390388714,
    "throughput_tasks_per_hour": 109.31972054848056,
    "energy_per_task_kwh": 1.3990875798721354e-05
  },
  "500": {
    "method": "ecochain_ml",
    "use_compression": true,
    "use_blockchain": true,
    "total_energy_kwh": 0.007842618194858483,
    "renewable_energy_kwh": 0.0037653110084587076,
    "grid_energy_kwh": 0.0040773071863997755,
    "renewable_percent": 48.01089272619692,
    "total_carbon_gco2": 1.6309228745599103,
    "total_carbon_kg": 0.0016309228745599103,
    "carbon_avoided_gco2": 1.5061244033834833,
    "tasks_completed": 500,
    "tasks_generated": 500,
    "completion_rate": 1.0,
    "avg_latency_sec": 0.5326009335688232,
    "std_latency_sec": 0.20143070004157168,
    "max_latency_sec": 0.8367990059224326,
    "operational_cost_usd": 0.000489276862367973,
    "carbon_credits_earned_usd": 7.530622016917414e-05,
    "net_cost_usd": 0.00041397064219879885,
    "blockchain_overhead": {
      "total_energy_kwh": 0.005,
      "energy_per_transaction_kwh": 1e-05,
      "transactions": 500,
      "blocks": 2,
      "carbon_credits_earned_usd": 7.530622016917414e-05,
      "carbon_avoided_gco2": 1.5061244033834833,
      "verified_renewable_kwh": 0.0037653110084587076,
      "verification_premium_usd": 7.530622016917416e-08,
      "blockchain_cost_usd": 0.0026,
      "net_benefit_usd": -0.0025246184736106565
    },
    "node_stats": [
      {
        "node_id": "node_1",
        "name": "Solar Edge Node #1",
        "is_busy": false,
        "current_frequency": 1.9274804911921954,
        "tasks_completed": 65,
        "total_energy_kwh": 0.0009442602742856539,
        "renewable_energy_kwh": 0.0,
        "grid_energy_kwh": 0.0009442602742856539,
        "renewable_percent": 0.0,
        "avg_task_time": 0.5245103300569124
      },
      {
        "node_id": "node_2",
        "name": "Wind Edge Node #2",
        "is_busy": false,
        "current_frequency": 1.904097505067877,
        "tasks_completed": 269,
        "total_energy_kwh": 0.0037653110084587076,
        "renewable_energy_kwh": 0.0037653110084587076,
        "grid_energy_kwh": 0.0,
        "renewable_percent": 100.0,
        "avg_task_time": 0.5258789009607062
      },
      {
        "node_id": "node_3",
        "name": "Solar Edge Node #3",
        "is_busy": false,
        "current_frequency": 2.447086341006603,
        "tasks_completed": 73,
        "total_energy_kwh": 0.0014651477221177787,
        "renewable_energy_kwh": 0.0,
        "grid_energy_kwh": 0.0014651477221177787,
        "renewable_percent": 0.0,
        "avg_task_time": 0.5683171038370592
      },
      {
        "node_id": "node_4",
        "name": "Grid-Only Node #4",
        "is_busy": false,
        "current_frequency": 2.2347640282559027,
        "tasks_completed": 93,
        "total_energy_kwh": 0.0016678991899963427,
        "renewable_energy_kwh": 0.0,
        "grid_energy_kwh": 0.0016678991899963427,
        "renewable_percent": 0.0,
        "avg_task_time": 0.5296636816363124
      }
    ],
    "scheduler_stats": {
      "total_tasks_scheduled": 500,
      "node_utilization": {
        "node_2": 269,
        "node_3": 73,
        "node_1": 65,
        "node_4": 93
      },
      "avg_renewable_forecast": 21.942822423340417,
      "avg_frequency": 2.0177419568186346,
      "compression_rate": 1.0
    },
    "execution_time_sec": 0.08500170707702637,
    "workload_size": 500,
    "simulated_duration_hours": 5.021545895592016,
    "throughput_tasks_per_hour": 99.5709310232347,
    "energy_per_task_kwh": 1.5685236389716964e-05
  },
  "1000": {
    "method": "ecochain_ml",
    "use_compression": true,
    "use_blockchain": true,
    "total_energy_kwh": 0.016007082693705252,
    "renewable_energy_kwh": 0.011600436328212504,
    "grid_energy_kwh": 0.004406646365492748,
    "renewable_percent": 72.4706465893023,
    "total_carbon_gco2": 1.7626585461970994,
    "total_carbon_kg": 0.0017626585461970993,
    "carbon_avoided_gco2": 4.640174531285002,
    "tasks_completed": 1000,
    "tasks_generated": 1000,
    "completion_rate": 1.0,
    "avg_latency_sec": 0.5126960514978761,
    "std_latency_sec": 0.19404792645790858,
    "max_latency_sec": 0.8439263571034644,
    "operational_cost_usd": 0.0005287975638591298,
    "carbon_credits_earned_usd": 0.00023200872656425008,
    "net_cost_usd": 0.0002967888372948797,
    "blockchain_overhead": {
      "total_energy_kwh": 0.01,
      "energy_per_transaction_kwh": 1e-05,
      "transactions": 1000,
      "blocks": 2,
      "carbon_credits_earned_usd": 0.00023200872656425008,
      "carbon_avoided_gco2": 4.640174531285002,