{
  "100": {
    "method": "ecochain_ml",
    "use_compression": true,
    "use_blockchain": true,
    "total_energy_kwh": 0.0006626283989541866,
    "renewable_energy_kwh": 0.0006549911491573858,
    "grid_energy_kwh": 7.637249796800811e-06,
    "renewable_percent": 98.84743095695046,
    "total_carbon_gco2": 0.0030548999187203245,
    "total_carbon_kg": 3.0548999187203245e-06,
    "carbon_avoided_gco2": 0.26199645966295426,
    "tasks_completed": 100,
    "tasks_generated": 100,
    "completion_rate": 1.0,
    "avg_latency_sec": 0.3426687482085587,
    "std_latency_sec": 0.127040992367294,
    "max_latency_sec": 0.5485714081872187,
    "operational_cost_usd": 9.164699756160973e-07,
    "carbon_credits_earned_usd": 0.013099822983147717,
    "net_cost_usd": -0.0130989065131721,
    "blockchain_overhead": {
      "total_energy_kwh": 0.001,
      "energy_per_transaction_kwh": 1e-05,
      "transactions": 100,
      "blocks": 2,
      "carbon_credits_earned_usd": 0.013099822983147717,
      "carbon_avoided_gco2": 0.26199645966295426,
      "verified_renewable_kwh": 0.0006549911491573858,
      "blockchain_cost_usd": 0.00012,
      "net_benefit_usd": 0.012979822983147716
    },
    "node_stats": [
      {
        "node_id": "node_1",
        "name": "Solar Edge Node #1",
        "is_busy": false,
        "current_frequency": 0.9889482474545892,
        "tasks_completed": 1,
        "total_energy_kwh": 1.2196352105180246e-06,
        "renewable_energy_kwh": 0.0,
        "grid_energy_kwh": 1.2196352105180246e-06,
        "renewable_percent": 0.0,
        "avg_task_time": 0.4203124377497665
      },
      {
        "node_id": "node_2",
        "name": "Wind Edge Node #2",
        "is_busy": false,
        "current_frequency": 1.8845830348319272,
        "tasks_completed": 98,
        "total_energy_kwh": 0.0006588374843990802,
        "renewable_energy_kwh": 0.0006549911491573858,
        "grid_energy_kwh": 3.846335241694394e-06,
        "renewable_percent": 99.4161936239553,
        "avg_task_time": 0.3404804002986217
      },
      {
        "node_id": "node_3",
        "name": "Hybrid Edge Node #3",
        "is_busy": false,
        "current_frequency": 1.4486614122226902,
        "tasks_completed": 1,
        "total_energy_kwh": 2.5712793445883926e-06,
        "renewable_energy_kwh": 0.0,
        "grid_energy_kwh": 2.5712793445883926e-06,
        "renewable_percent": 0.0,
        "avg_task_time": 0.47948315384116447
      },
      {
        "node_id": "node_4",
        "name": "Grid-Only Node (Baseline) #4",
        "is_busy": false,
        "current_frequency": 2.6,
        "tasks_completed": 0,
        "total_energy_kwh": 0.0,
        "renewable_energy_kwh": 0.0,
        "grid_energy_kwh": 0.0,
        "renewable_percent": 0,
        "avg_task_time": 0
      }
    ],
    "scheduler_stats": {
      "total_tasks_scheduled": 100,
      "node_utilization": {
        "node_2": 98,
        "node_3": 1,
        "node_1": 1
      },
      "avg_renewable_forecast": 93.85378782788453,
      "avg_frequency": 1.9461267538667641,
      "compression_rate": 1.0
    },
    "execution_time_sec": 0.029920339584350586,
    "workload_size": 100,
    "simulated_duration_hours": 1.0837247319797363,
    "throughput_tasks_per_hour": 92.27435440854165
  },
  "500": {
    "method": "ecochain_ml",
    "use_compression": true,
    "use_blockchain": true,
    "total_energy_kwh": 0.003217611613639859,
    "renewable_energy_kwh": 0.0031876323743976935,
    "grid_energy_kwh": 2.9979239242165635e-05,
    "renewable_percent": 99.0682766336658,
    "total_carbon_gco2": 0.011991695696866254,
    "total_carbon_kg": 1.1991695696866254e-05,
    "carbon_avoided_gco2": 1.2750529497590766,
    "tasks_completed": 500,
    "tasks_generated": 500,
    "completion_rate": 1.0,
    "avg_latency_sec": 0.33963771665259795,
    "std_latency_sec": 0.13943510932074948,
    "max_latency_sec": 1.1351082390228537,
    "operational_cost_usd": 3.597508709059876e-06,
    "carbon_credits_earned_usd": 0.06375264748795383,
    "net_cost_usd": -0.06374904997924477,
    "blockchain_overhead": {
      "total_energy_kwh": 0.005,
      "energy_per_transaction_kwh": 1e-05,
      "transactions": 500,
      "blocks": 2,
      "carbon_credits_earned_usd": 0.06375264748795383,
      "carbon_avoided_gco2": 1.2750529497590766,
      "verified_renewable_kwh": 0.0031876323743976935,
      "blockchain_cost_usd": 0.0006,
      "net_benefit_usd": 0.06315264748795382
    },
    "node_stats": [
      {
        "node_id": "node_1",
        "name": "Solar Edge Node #1",
        "is_busy": false,
        "current_frequency": 1.0590266997197726,
        "tasks_completed": 1,
        "total_energy_kwh": 2.1650979899614095e-06,
        "renewable_energy_kwh": 0.0,
        "grid_energy_kwh": 2.1650979899614095e-06,
        "renewable_percent": 0.0,
        "avg_task_time": 0.6278623154383569
      },
      {
        "node_id": "node_2",
        "name": "Wind Edge Node #2",
        "is_busy": false,
        "current_frequency": 2.025897328176381,
        "tasks_completed": 497,
        "total_energy_kwh": 0.003207796718742847,
        "renewable_energy_kwh": 0.0031876323743976935,
        "grid_energy_kwh": 2.0164344345153827e-05,
        "renewable_percent": 99.37139581734293,
        "avg_task_time": 0.3372295128594094
      },
      {
        "node_id": "node_3",
        "name": "Hybrid Edge Node #3",
        "is_busy": false,
        "current_frequency": 1.2076483659036363,
        "tasks_completed": 1,
        "total_energy_kwh": 3.832439449278248e-06,
        "renewable_energy_kwh": 0.0,
        "grid_energy_kwh": 3.832439449278248e-06,
        "renewable_percent": 0.0,
        "avg_task_time": 1.1351082390228537
      },
      {
        "node_id": "node_4",
        "name": "Grid-Only Node (Baseline) #4",
        "is_busy": false,
        "current_frequency": 1.565805712196779,
        "tasks_completed": 1,
        "total_energy_kwh": 3.8173574577721495e-06,
        "renewable_energy_kwh": 0.0,
        "grid_energy_kwh": 3.8173574577721495e-06,
        "renewable_percent": 0.0,
        "avg_task_time": 0.452819880711142
      }
    ],
    "scheduler_stats": {
      "total_tasks_scheduled": 500,
      "node_utilization": {
        "node_2": 497,
        "node_3": 1,
        "node_1": 1,
        "node_4": 1
      },
      "avg_renewable_forecast": 95.23513729775118,
      "avg_frequency": 1.9473780445918636,
      "compression_rate": 1.0
    },
    "execution_time_sec": 0.08875775337219238,
    "workload_size": 500,
    "simulated_duration_hours": 5.045893924182437,
    "throughput_tasks_per_hour": 99.09046989746474
  },
  "1000": {
    "method": "ecochain_ml",
    "use_compression": true,
    "use_blockchain": true,
    "total_energy_kwh": 0.007354251805423003,
    "renewable_energy_kwh": 0.007307871677756121,
    "grid_energy_kwh": 4.638012766688018e-05,
    "renewable_percent": 99.36934267558419,
    "total_carbon_gco2": 0.018552051066752073,
    "total_carbon_kg": 1.8552051066752072e-05,
    "carbon_avoided_gco2": 2.9231486711024486,
    "tasks_completed": 1000,
    "tasks_generated": 1000,
    "completion_rate": 1.0,
    "avg_latency_sec": 0.33803000039243,
    "std_latency_sec": 0.12947022807549252,
    "max_latency_sec": 0.7960533506819586,
    "operational_cost_usd": 5.565615320025621e-06,
    "carbon_credits_earned_usd": 0.14615743355512242,
    "net_cost_usd": -0.1461518679398024,
    "blockchain_overhead": {
      "total_energy_kwh": 0.01,
      "energy_per_transaction_kwh": 1e-05,
      "transactions": 1000,
      "blocks": 2,
      "carbon_credits_earned_usd": 0.14615743355512242,
      "carbon_avoided_gco2": 2.9231486711024486,
      "verified_renewable_kwh": 0.00730787167775612,
      "blockchain_cost_usd": 0.0012,
      "net_benefit_usd": 0.14495743355512242
    },
    "node_stats": [
      {
        "node_id": "node_1",
        "name": "Solar Edge Node #1",
        "is_busy": false,