{
  "1000": {
    "method": "ecochain_ml",
    "use_compression": true,
    "use_blockchain": true,
    "total_energy_kwh": 0.007804252257426502,
    "renewable_energy_kwh": 0.0005042522574265003,
    "grid_energy_kwh": 0.007300000000000006,
    "renewable_percent": 6.461250108191409,
    "total_carbon_gco2": 2.9200000000000026,
    "total_carbon_kg": 0.0029200000000000025,
    "carbon_avoided_gco2": 0.20170090297060017,
    "tasks_completed": 887,
    "tasks_generated": 887,
    "completion_rate": 1.0,
    "avg_latency_sec": 3.129877676979245,
    "std_latency_sec": 9.727576240063753,
    "max_latency_sec": 36.97962895806869,
    "operational_cost_usd": 0.0008760000000000007,
    "carbon_credits_earned_usd": 2.017009029706001e-06,
    "net_cost_usd": 0.0008739829909702947,
    "blockchain_overhead": {
      "total_energy_kwh": 0.884,
      "energy_per_transaction_kwh": 0.001,
      "transactions": 884,
      "blocks": 2,
      "carbon_credits_earned_usd": 2.017009029706001e-06,
      "carbon_avoided_gco2": 0.20170090297060017,
      "verified_renewable_kwh": 0.0005042522574265003,
      "verification_premium_usd": 5.042522574265004e-07,
      "blockchain_energy_cost_usd": 0.10608,
      "blockchain_tx_fees_usd": 0.0884,
      "blockchain_cost_usd": 0.19448,
      "net_benefit_usd": -0.19447747873871285,
      "roi_percent": -99.99870358839617
    },
    "node_stats": [
      {
        "node_id": "node_1",
        "name": "Solar Edge Node #1",
        "is_busy": false,
        "current_frequency": 1.5,
        "tasks_completed": 0,
        "total_energy_kwh": 0.0,
        "renewable_energy_kwh": 0.0,
        "grid_energy_kwh": 0.0,
        "renewable_percent": 0,
        "avg_task_time": 0
      },
      {
        "node_id": "node_2",
        "name": "Grid-Only Node #2",
        "is_busy": false,
        "current_frequency": 2.4,
        "tasks_completed": 0,
        "total_energy_kwh": 0.0,
        "renewable_energy_kwh": 0.0,
        "grid_energy_kwh": 0.0,
        "renewable_percent": 0,
        "avg_task_time": 0
      },
      {
        "node_id": "node_3",
        "name": "Wind Edge Node #3",
        "is_busy": false,
        "current_frequency": 1.3811516624284421,
        "tasks_completed": 884,
        "total_energy_kwh": 0.007804252257426502,
        "renewable_energy_kwh": 0.0005042522574265003,
        "grid_energy_kwh": 0.007300000000000006,
        "renewable_percent": 6.461250108191409,
        "avg_task_time": 0.2815627822178625
      },
      {
        "node_id": "node_4",
        "name": "Grid-Only Node #4",
        "is_busy": false,
        "current_frequency": 3.5,
        "tasks_completed": 0,
        "total_energy_kwh": 0.0,
        "renewable_energy_kwh": 0.0,
        "grid_energy_kwh": 0.0,
        "renewable_percent": 0,
        "avg_task_time": 0
      }
    ],
    "scheduler_stats": {
      "total_tasks_scheduled": 957,
      "node_utilization": {
        "node_3": 957
      },
      "avg_renewable_forecast": 99.70393752756273,
      "avg_frequency": 1.387065672544573,
      "compression_rate": 1.0
    },
    "task_failures": 70,
    "task_failure_rate": 7.891770011273957,
    "retries_attempted": 70,
    "retry_success_rate": 95.71428571428572,
    "execution_time_sec": 0.23694753646850586,
    "workload_size": 1000,
    "simulated_duration_hours": 5.625025347703543,
    "throughput_tasks_per_hour": 157.68817830520962,
    "energy_per_task_kwh": 8.798480560796507e-06
  },
  "2500": {
    "method": "ecochain_ml",
    "use_compression": true,
    "use_blockchain": true,
    "total_energy_kwh": 0.045630637219958206,
    "renewable_energy_kwh": 0.021966078034712098,
    "grid_energy_kwh": 0.023664559185246063,
    "renewable_percent": 48.13888074546643,
    "total_carbon_gco2": 9.465823674098425,
    "total_carbon_kg": 0.009465823674098425,
    "carbon_avoided_gco2": 8.78643121388485,
    "tasks_completed": 2500,
    "tasks_generated": 2500,
    "completion_rate": 1.0,
    "avg_latency_sec": 6.181870651845836,
    "std_latency_sec": 10.591651369798454,
    "max_latency_sec": 57.91676830299147,
    "operational_cost_usd": 0.0028397471022295275,
    "carbon_credits_earned_usd": 8.786431213884835e-05,
    "net_cost_usd": 0.0027518827900906793,
    "blockchain_overhead": {
      "total_energy_kwh": 2.48,
      "energy_per_transaction_kwh": 0.001,
      "transactions": 2480,
      "blocks": 2,
      "carbon_credits_earned_usd": 8.786431213884835e-05,
      "carbon_avoided_gco2": 8.78643121388485,
      "verified_renewable_kwh": 0.021966078034712084,
      "verification_premium_usd": 2.1966078034712084e-05,
      "blockchain_energy_cost_usd": 0.2976,
      "blockchain_tx_fees_usd": 0.248,
      "blockchain_cost_usd": 0.5456,
      "net_benefit_usd": -0.5454901696098264,
      "roi_percent": -99.97986979652245
    },
    "node_stats": [
      {
        "node_id": "node_1",
        "name": "Solar Edge Node #1",
        "is_busy": false,
        "current_frequency": 1.460118132766351,
        "tasks_completed": 1252,
        "total_energy_kwh": 0.03635895323260472,
        "renewable_energy_kwh": 0.021294394047358636,
        "grid_energy_kwh": 0.01506455918524606,
        "renewable_percent": 58.56712626221315,
        "avg_task_time": 6.251368470250544
      },
      {
        "node_id": "node_2",
        "name": "Grid-Only Node #2",
        "is_busy": false,
        "current_frequency": 2.4,
        "tasks_completed": 0,
        "total_energy_kwh": 0.0,
        "renewable_energy_kwh": 0.0,
        "grid_energy_kwh": 0.0,
        "renewable_percent": 0,
        "avg_task_time": 0
      },
      {
        "node_id": "node_3",
        "name": "Wind Edge Node #3",
        "is_busy": false,
        "current_frequency": 1.3782866862430092,
        "tasks_completed": 1228,
        "total_energy_kwh": 0.00927168398735349,
        "renewable_energy_kwh": 0.0006716839873534625,
        "grid_energy_kwh": 0.008600000000000003,
        "renewable_percent": 7.244465927329218,
        "avg_task_time": 0.27179422219943544
      },
      {
        "node_id": "node_4",
        "name": "Grid-Only Node #4",
        "is_busy": false,
        "current_frequency": 3.5,
        "tasks_completed": 0,
        "total_energy_kwh": 0.0,
        "renewable_energy_kwh": 0.0,
        "grid_energy_kwh": 0.0,
        "renewable_percent": 0,
        "avg_task_time": 0
      }
    ],
    "scheduler_stats": {
      "total_tasks_scheduled": 2702,
      "node_utilization": {
        "node_3": 1314,
        "node_1": 1388
      },
      "avg_renewable_forecast": 98.69976833038793,
      "avg_frequency": 1.4202588759847774,
      "compression_rate": 1.0
    },
    "task_failures": 202,
    "task_failure_rate": 8.08,
    "retries_attempted": 202,
    "retry_success_rate": 90.0990099009901,
    "execution_time_sec": 0.6571700572967529,
    "workload_size": 2500,
    "simulated_duration_hours": 8.120752624343837,
    "throughput_tasks_per_hour": 307.85323918200277,
    "energy_per_task_kwh": 1.8252254887983283e-05
  },
  "5000": {
    "method": "ecochain_ml",
    "use_compression": true,
    "use_blockchain": true,
    "total_energy_kwh": 0.08712728600928961,
    "renewable_energy_kwh": 0.04336982848247016,
    "grid_energy_kwh": 0.043757457526819,
    "renewable_percent": 49.77755014410298,
    "total_carbon_gco2": 17.5029830107276,
    "total_carbon_kg": 0.0175029830107276,
    "carbon_avoided_gco2": 17.347931392988045,
    "tasks_completed": 5000,
    "tasks_generated": 5000,
    "completion_rate": 1.0,
    "avg_latency_sec": 5.923009304944546,
    "std_latency_sec": 10.272248429385618,
    "max_latency_sec": 56.552136359847786,
    "operational_cost_usd": 0.0052508949032182796,
    "carbon_credits_earned_usd": 0.00017347931392988028,
    "net_cost_usd": 0.005077415589288399,
    "blockchain_overhead": {
      "total_energy_kwh": 4.961,
      "energy_per_transaction_kwh": 0.001,
      "transactions": 4961,
      "blocks": 2,