{
  "method": "full_ecochain_ml",
  "use_compression": true,
  "use_blockchain": true,
  "total_energy_kwh": 0.016007082693705252,
  "renewable_energy_kwh": 0.011600436328212504,
  "grid_energy_kwh": 0.004406646365492748,
  "renewable_percent": 72.4706465893023,
  "total_carbon_gco2": 1.7626585461970994,
  "total_carbon_kg": 0.0017626585461970993,
  "carbon_avoided_gco2": 4.640174531285002,
  "tasks_completed": 1000,
  "tasks_generated": 1000,
  "completion_rate": 1.0,
  "avg_latency_sec": 0.5126960514978761,
  "std_latency_sec": 0.19404792645790858,
  "max_latency_sec": 0.8439263571034644,
  "operational_cost_usd": 0.0005287975638591298,
  "carbon_credits_earned_usd": 0.00023200872656425008,
  "net_cost_usd": 0.0002967888372948797,
  "blockchain_overhead": {
    "total_energy_kwh": 0.01,
    "energy_per_transaction_kwh": 1e-05,
    "transactions": 1000,
    "blocks": 2,
    "carbon_credits_earned_usd": 0.00023200872656425008,
    "carbon_avoided_gco2": 4.640174531285002,
    "verified_renewable_kwh": 0.011600436328212498,
    "verification_premium_usd": 2.3200872656424997e-07,
    "blockchain_cost_usd": 0.0051,
    "net_benefit_usd": -0.004867759264709186
  },
  "node_stats": [
    {
      "node_id": "node_1",
      "name": "Solar Edge Node #1",
      "is_busy": false,
      "current_frequency": 2.3315634999329573,
      "tasks_completed": 258,
      "total_energy_kwh": 0.003959543493097325,
      "renewable_energy_kwh": 0.0028946514965762613,
      "grid_energy_kwh": 0.001064891996521065,
      "renewable_percent": 73.10568760319237,
      "avg_task_time": 0.5151815950317417
    },
    {
      "node_id": "node_2",
      "name": "Wind Edge Node #2",
      "is_busy": false,
      "current_frequency": 1.8627811183113185,
      "tasks_completed": 347,
      "total_energy_kwh": 0.004763087359350517,
      "renewable_energy_kwh": 0.004763087359350517,
      "grid_energy_kwh": 0.0,
      "renewable_percent": 100.0,
      "avg_task_time": 0.5166705657188545
    },
    {
      "node_id": "node_3",
      "name": "Solar Edge Node #3",
      "is_busy": false,
      "current_frequency": 2.883195248930135,
      "tasks_completed": 296,
      "total_energy_kwh": 0.005554208844118292,
      "renewable_energy_kwh": 0.0039426974722857255,
      "grid_energy_kwh": 0.0016115113718325673,
      "renewable_percent": 70.98576202191066,
      "avg_task_time": 0.4978432603821553
    },
    {
      "node_id": "node_4",
      "name": "Grid-Only Node #4",
      "is_busy": false,
      "current_frequency": 2.1799999999999997,
      "tasks_completed": 99,
      "total_energy_kwh": 0.0017302429971391157,
      "renewable_energy_kwh": 0.0,
      "grid_energy_kwh": 0.0017302429971391157,
      "renewable_percent": 0.0,
      "avg_task_time": 0.5366960464861263
    }
  ],
  "scheduler_stats": {
    "total_tasks_scheduled": 1000,
    "node_utilization": {
      "node_2": 347,
      "node_3": 296,
      "node_1": 258,
      "node_4": 99
    },
    "avg_renewable_forecast": 29.856413652297494,
    "avg_frequency": 2.1333958268211806,
    "compression_rate": 1.0
  },
  "ablation_config": {
    "renewable_prediction": true,
    "dvfs": true,
    "model_compression": true,
    "blockchain": true
  }
}