{
  "method": "full_ecochain_ml",
  "use_compression": true,
  "use_blockchain": true,
  "total_energy_kwh": 0.0893381793358222,
  "renewable_energy_kwh": 0.04549901963770666,
  "grid_energy_kwh": 0.04383915969811526,
  "renewable_percent": 50.9289756921012,
  "total_carbon_gco2": 17.535663879246105,
  "total_carbon_kg": 0.017535663879246106,
  "carbon_avoided_gco2": 18.199607855082597,
  "tasks_completed": 5000,
  "tasks_generated": 5000,
  "completion_rate": 1.0,
  "avg_latency_sec": 3.385209207414666,
  "std_latency_sec": 4.163524629492536,
  "max_latency_sec": 34.17601112041339,
  "operational_cost_usd": 0.005260699163773831,
  "carbon_credits_earned_usd": 0.00018199607855082594,
  "net_cost_usd": 0.005078703085223005,
  "blockchain_overhead": {
    "total_energy_kwh": 5.0,
    "energy_per_transaction_kwh": 0.001,
    "transactions": 5000,
    "blocks": 2,
    "carbon_credits_earned_usd": 0.00018199607855082594,
    "carbon_avoided_gco2": 18.199607855082597,
    "verified_renewable_kwh": 0.045499019637706625,
    "verification_premium_usd": 4.549901963770663e-05,
    "blockchain_energy_cost_usd": 0.6,
    "blockchain_tx_fees_usd": 0.5,
    "blockchain_cost_usd": 1.1,
    "net_benefit_usd": -1.0997725049018117,
    "roi_percent": -99.97931862743742
  },
  "node_stats": [
    {
      "node_id": "node_1",
      "name": "Solar Edge Node #1",
      "is_busy": false,
      "current_frequency": 1.4114861549057314,
      "tasks_completed": 2265,
      "total_energy_kwh": 0.06553204820403645,
      "renewable_energy_kwh": 0.043692888505920784,
      "grid_energy_kwh": 0.021839159698115344,
      "renewable_percent": 66.6740773459138,
      "avg_task_time": 7.057050775604346
    },
    {
      "node_id": "node_2",
      "name": "Grid-Only Node #2",
      "is_busy": false,
      "current_frequency": 2.4,
      "tasks_completed": 0,
      "total_energy_kwh": 0.0,
      "renewable_energy_kwh": 0.0,
      "grid_energy_kwh": 0.0,
      "renewable_percent": 0,
      "avg_task_time": 0
    },
    {
      "node_id": "node_3",
      "name": "Wind Edge Node #3",
      "is_busy": false,
      "current_frequency": 1.3598936336910161,
      "tasks_completed": 2313,
      "total_energy_kwh": 0.023806131131785736,
      "renewable_energy_kwh": 0.0018061311317858744,
      "grid_energy_kwh": 0.021999999999999922,
      "renewable_percent": 7.586831819868219,
      "avg_task_time": 0.3889433767096837
    },
    {
      "node_id": "node_4",
      "name": "Grid-Only Node #4",
      "is_busy": false,
      "current_frequency": 3.5,
      "tasks_completed": 0,
      "total_energy_kwh": 0.0,
      "renewable_energy_kwh": 0.0,
      "grid_energy_kwh": 0.0,
      "renewable_percent": 0,
      "avg_task_time": 0
    }
  ],
  "scheduler_stats": {
    "total_tasks_scheduled": 5000,
    "node_utilization": {
      "node_3": 2533,
      "node_1": 2467
    },
    "avg_renewable_forecast": 99.25705337124279,
    "avg_frequency": 1.3878032398579028,
    "compression_rate": 1.0
  },
  "ablation_config": {
    "renewable_prediction": true,
    "dvfs": true,
    "model_compression": true,
    "blockchain": true
  }
}