{
  "method": "full_ecochain_ml",
  "use_compression": true,
  "use_blockchain": true,
  "total_energy_kwh": 0.04122232108438104,
  "renewable_energy_kwh": 0.011846098827859114,
  "grid_energy_kwh": 0.029376222256521943,
  "renewable_percent": 28.73709804843461,
  "total_carbon_gco2": 11.750488902608778,
  "total_carbon_kg": 0.011750488902608778,
  "carbon_avoided_gco2": 4.738439531143641,
  "tasks_completed": 5000,
  "tasks_generated": 5000,
  "completion_rate": 1.0,
  "avg_latency_sec": 1.595951324135916,
  "std_latency_sec": 3.626194033689964,
  "max_latency_sec": 40.42513120282655,
  "operational_cost_usd": 0.003525146670782633,
  "carbon_credits_earned_usd": 4.738439531143648e-05,
  "net_cost_usd": 0.0034777622754711963,
  "blockchain_overhead": {
    "total_energy_kwh": 5.0,
    "energy_per_transaction_kwh": 0.001,
    "transactions": 5000,
    "blocks": 2,
    "carbon_credits_earned_usd": 4.738439531143648e-05,
    "carbon_avoided_gco2": 4.738439531143641,
    "verified_renewable_kwh": 0.01184609882785911,
    "verification_premium_usd": 1.184609882785911e-05,
    "blockchain_energy_cost_usd": 0.6,
    "blockchain_tx_fees_usd": 0.5,
    "blockchain_cost_usd": 1.1,
    "net_benefit_usd": -1.0999407695058607,
    "roi_percent": -99.9946154096237
  },
  "node_stats": [
    {
      "node_id": "node_1",
      "name": "Solar Edge Node #1",
      "is_busy": false,
      "current_frequency": 1.5,
      "tasks_completed": 1325,
      "total_energy_kwh": 0.015441261501337379,
      "renewable_energy_kwh": 0.011430737785091061,
      "grid_energy_kwh": 0.004010523716246326,
      "renewable_percent": 74.02722752995949,
      "avg_task_time": 3.621015869146213
    },
    {
      "node_id": "node_2",
      "name": "Grid-Only Node #2",
      "is_busy": false,
      "current_frequency": 2.298156465946189,
      "tasks_completed": 1211,
      "total_energy_kwh": 0.013793598186840339,
      "renewable_energy_kwh": 0.0,
      "grid_energy_kwh": 0.013793598186840339,
      "renewable_percent": 0.0,
      "avg_task_time": 0.8548541553896728
    },
    {
      "node_id": "node_3",
      "name": "Wind Edge Node #3",
      "is_busy": false,
      "current_frequency": 1.4,
      "tasks_completed": 1272,
      "total_energy_kwh": 0.0020153610427680537,
      "renewable_energy_kwh": 0.00041536104276805336,
      "grid_energy_kwh": 0.0016000000000000005,
      "renewable_percent": 20.609758447923763,
      "avg_task_time": 0.15896598033748208
    },
    {
      "node_id": "node_4",
      "name": "Grid-Only Node #4",
      "is_busy": false,
      "current_frequency": 3.3511363306231488,
      "tasks_completed": 1192,
      "total_energy_kwh": 0.009972100353435273,
      "renewable_energy_kwh": 0.0,
      "grid_energy_kwh": 0.009972100353435273,
      "renewable_percent": 0.0,
      "avg_task_time": 0.41986366182439944
    }
  ],
  "scheduler_stats": {
    "total_tasks_scheduled": 5040,
    "node_utilization": {
      "node_3": 1288,
      "node_2": 1220,
      "node_1": 1334,
      "node_4": 1198
    },
    "avg_renewable_forecast": 98.5947036743164,
    "avg_frequency": 2.121287101746503,
    "compression_rate": 1.0
  },
  "ablation_config": {
    "renewable_prediction": true,
    "dvfs": true,
    "model_compression": true,
    "blockchain": true
  },
  "task_failures": 40,
  "retries_attempted": 40
}