{
  "method": "full_ecochain_ml",
  "use_compression": true,
  "use_blockchain": true,
  "total_energy_kwh": 0.00732710162857623,
  "renewable_energy_kwh": 0.007298159529568535,
  "grid_energy_kwh": 2.894209900769334e-05,
  "renewable_percent": 99.60499935070071,
  "total_carbon_gco2": 0.011576839603077335,
  "total_carbon_kg": 1.1576839603077335e-05,
  "carbon_avoided_gco2": 2.9192638118274132,
  "tasks_completed": 1000,
  "tasks_generated": 1000,
  "completion_rate": 1.0,
  "avg_latency_sec": 0.33137709862577136,
  "std_latency_sec": 0.128547509458515,
  "max_latency_sec": 0.8386956858405925,
  "operational_cost_usd": 3.4730518809232005e-06,
  "carbon_credits_earned_usd": 0.1459631905913706,
  "net_cost_usd": -0.1459597175394897,
  "blockchain_overhead": {
    "total_energy_kwh": 0.01,
    "energy_per_transaction_kwh": 1e-05,
    "transactions": 1000,
    "blocks": 2,
    "carbon_credits_earned_usd": 0.1459631905913706,
    "carbon_avoided_gco2": 2.9192638118274132,
    "verified_renewable_kwh": 0.007298159529568535,
    "blockchain_cost_usd": 0.0012,
    "net_benefit_usd": 0.1447631905913706
  },
  "node_stats": [
    {
      "node_id": "node_1",
      "name": "Solar Edge Node #1",
      "is_busy": false,
      "current_frequency": 2.069336995275168,
      "tasks_completed": 174,
      "total_energy_kwh": 0.0012581224564656354,
      "renewable_energy_kwh": 0.0012567272804741502,
      "grid_energy_kwh": 1.3951759914850448e-06,
      "renewable_percent": 99.88910650276408,
      "avg_task_time": 0.32379055037975374
    },
    {
      "node_id": "node_2",
      "name": "Wind Edge Node #2",
      "is_busy": false,
      "current_frequency": 1.9671442383603934,
      "tasks_completed": 626,
      "total_energy_kwh": 0.004183966470351255,
      "renewable_energy_kwh": 0.004161224407564678,
      "grid_energy_kwh": 2.274206278657569e-05,
      "renewable_percent": 99.45644729832962,
      "avg_task_time": 0.33518942635686105
    },
    {
      "node_id": "node_3",
      "name": "Hybrid Edge Node #3",
      "is_busy": false,
      "current_frequency": 2.638942424836501,
      "tasks_completed": 199,
      "total_energy_kwh": 0.0018827953003780363,
      "renewable_energy_kwh": 0.0018802078415297067,
      "grid_energy_kwh": 2.5874588483297868e-06,
      "renewable_percent": 99.86257354435662,
      "avg_task_time": 0.326221685028169
    },
    {
      "node_id": "node_4",
      "name": "Grid-Only Node (Baseline) #4",
      "is_busy": false,
      "current_frequency": 1.5064445932570203,
      "tasks_completed": 1,
      "total_energy_kwh": 2.217401381302817e-06,
      "renewable_energy_kwh": 0.0,
      "grid_energy_kwh": 2.217401381302817e-06,
      "renewable_percent": 0.0,
      "avg_task_time": 0.29084663969365776
    }
  ],
  "scheduler_stats": {
    "total_tasks_scheduled": 1000,
    "node_utilization": {
      "node_2": 626,
      "node_3": 199,
      "node_1": 174,
      "node_4": 1
    },
    "avg_renewable_forecast": 97.47903014104101,
    "avg_frequency": 2.1615212232479024,
    "compression_rate": 1.0
  },
  "ablation_config": {
    "renewable_prediction": true,
    "dvfs": true,
    "model_compression": true,
    "blockchain": true
  }
}