{
  "method": "full_ecochain_ml",
  "use_compression": true,
  "use_blockchain": true,
  "total_energy_kwh": 0.08816600761676922,
  "renewable_energy_kwh": 0.04446067430417631,
  "grid_energy_kwh": 0.043705333312592694,
  "renewable_percent": 50.42836293260926,
  "total_carbon_gco2": 17.48213332503708,
  "total_carbon_kg": 0.017482133325037078,
  "carbon_avoided_gco2": 17.784269721670547,
  "tasks_completed": 5000,
  "tasks_generated": 5000,
  "completion_rate": 1.0,
  "avg_latency_sec": 3.385209207414666,
  "std_latency_sec": 4.163524629492536,
  "max_latency_sec": 34.17601112041339,
  "operational_cost_usd": 0.005244639997511123,
  "carbon_credits_earned_usd": 0.00017784269721670445,
  "net_cost_usd": 0.005066797300294418,
  "blockchain_overhead": {
    "total_energy_kwh": 5.0,
    "energy_per_transaction_kwh": 0.001,
    "transactions": 5000,
    "blocks": 2,
    "carbon_credits_earned_usd": 0.00017784269721670445,
    "carbon_avoided_gco2": 17.784269721670547,
    "verified_renewable_kwh": 0.044460674304176245,
    "verification_premium_usd": 4.446067430417625e-05,
    "blockchain_energy_cost_usd": 0.6,
    "blockchain_tx_fees_usd": 0.5,
    "blockchain_cost_usd": 1.1,
    "net_benefit_usd": -1.0997776966284791,
    "roi_percent": -99.979790602589
  },
  "node_stats": [
    {
      "node_id": "node_1",
      "name": "Solar Edge Node #1",
      "is_busy": false,
      "current_frequency": 1.4114861549057314,
      "tasks_completed": 2265,
      "total_energy_kwh": 0.06438383454590489,
      "renewable_energy_kwh": 0.042678501233311836,
      "grid_energy_kwh": 0.02170533331259277,
      "renewable_percent": 66.28760392157534,
      "avg_task_time": 7.057050775604346
    },
    {
      "node_id": "node_2",
      "name": "Grid-Only Node #2",
      "is_busy": false,
      "current_frequency": 2.4,
      "tasks_completed": 0,
      "total_energy_kwh": 0.0,
      "renewable_energy_kwh": 0.0,
      "grid_energy_kwh": 0.0,
      "renewable_percent": 0,
      "avg_task_time": 0
    },
    {
      "node_id": "node_3",
      "name": "Wind Edge Node #3",
      "is_busy": false,
      "current_frequency": 1.3598936336910161,
      "tasks_completed": 2313,
      "total_energy_kwh": 0.023782173070864335,
      "renewable_energy_kwh": 0.0017821730708644718,
      "grid_energy_kwh": 0.021999999999999922,
      "renewable_percent": 7.493735183719696,
      "avg_task_time": 0.3889433767096837
    },
    {
      "node_id": "node_4",
      "name": "Grid-Only Node #4",
      "is_busy": false,
      "current_frequency": 3.5,
      "tasks_completed": 0,
      "total_energy_kwh": 0.0,
      "renewable_energy_kwh": 0.0,
      "grid_energy_kwh": 0.0,
      "renewable_percent": 0,
      "avg_task_time": 0
    }
  ],
  "scheduler_stats": {
    "total_tasks_scheduled": 5000,
    "node_utilization": {
      "node_3": 2533,
      "node_1": 2467
    },
    "avg_renewable_forecast": 99.25705337124279,
    "avg_frequency": 1.3878032398579028,
    "compression_rate": 1.0
  },
  "ablation_config": {
    "renewable_prediction": true,
    "dvfs": true,
    "model_compression": true,
    "blockchain": true
  }
}