{
  "method": "without_blockchain",
  "use_compression": true,
  "use_blockchain": false,
  "total_energy_kwh": 0.0803365302120133,
  "renewable_energy_kwh": 0.03982777690768948,
  "grid_energy_kwh": 0.040508753304323596,
  "renewable_percent": 49.57617263601179,
  "total_carbon_gco2": 16.203501321729437,
  "total_carbon_kg": 0.016203501321729437,
  "carbon_avoided_gco2": 0.0,
  "tasks_completed": 5000,
  "tasks_generated": 5000,
  "completion_rate": 1.0,
  "avg_latency_sec": 2.9777496830976786,
  "std_latency_sec": 3.618158512766424,
  "max_latency_sec": 23.41388669110386,
  "operational_cost_usd": 0.004861050396518831,
  "carbon_credits_earned_usd": 0.0,
  "net_cost_usd": 0.004861050396518831,
  "blockchain_overhead": {},
  "node_stats": [
    {
      "node_id": "node_1",
      "name": "Solar Edge Node #1",
      "is_busy": false,
      "current_frequency": 1.4216605801545774,
      "tasks_completed": 2282,
      "total_energy_kwh": 0.0572198073024304,
      "renewable_energy_kwh": 0.03791641753910607,
      "grid_energy_kwh": 0.019303389763324075,
      "renewable_percent": 66.26449708000953,
      "avg_task_time": 6.086762291824135
    },
    {
      "node_id": "node_2",
      "name": "Grid-Only Node #2",
      "is_busy": false,
      "current_frequency": 1.9317246949126106,
      "tasks_completed": 1,
      "total_energy_kwh": 5.3635409995939875e-06,
      "renewable_energy_kwh": 0.0,
      "grid_energy_kwh": 5.3635409995939875e-06,
      "renewable_percent": 0.0,
      "avg_task_time": 0.5587867037226272
    },
    {
      "node_id": "node_3",
      "name": "Wind Edge Node #3",
      "is_busy": false,
      "current_frequency": 1.3662698006352487,
      "tasks_completed": 2321,
      "total_energy_kwh": 0.02311135936858331,
      "renewable_energy_kwh": 0.001911359368583411,
      "grid_energy_kwh": 0.021199999999999927,
      "renewable_percent": 8.270216122300617,
      "avg_task_time": 0.41301080518827454
    },
    {
      "node_id": "node_4",
      "name": "Grid-Only Node #4",
      "is_busy": false,
      "current_frequency": 3.5,
      "tasks_completed": 0,
      "total_energy_kwh": 0.0,
      "renewable_energy_kwh": 0.0,
      "grid_energy_kwh": 0.0,
      "renewable_percent": 0,
      "avg_task_time": 0
    }
  ],
  "scheduler_stats": {
    "total_tasks_scheduled": 5000,
    "node_utilization": {
      "node_3": 2533,
      "node_2": 1,
      "node_1": 2466
    },
    "avg_renewable_forecast": 99.27813295560925,
    "avg_frequency": 1.396025240311127,
    "compression_rate": 1.0
  },
  "ablation_config": {
    "renewable_prediction": true,
    "dvfs": true,
    "model_compression": true,
    "blockchain": false
  }
}