{
  "method": "without_renewable_prediction",
  "use_compression": true,
  "use_blockchain": true,
  "total_energy_kwh": 0.016654956807442448,
  "renewable_energy_kwh": 0.006965316683652139,
  "grid_energy_kwh": 0.00968964012379031,
  "renewable_percent": 41.82128338237186,
  "total_carbon_gco2": 3.8758560495161243,
  "total_carbon_kg": 0.0038758560495161243,
  "carbon_avoided_gco2": 2.7861266734608563,
  "tasks_completed": 1000,
  "tasks_generated": 1000,
  "completion_rate": 1.0,
  "avg_latency_sec": 0.4948389672688837,
  "std_latency_sec": 0.18708693869949872,
  "max_latency_sec": 0.7892066490129214,
  "operational_cost_usd": 0.0011627568148548373,
  "carbon_credits_earned_usd": 0.00013930633367304287,
  "net_cost_usd": 0.0010234504811817945,
  "blockchain_overhead": {
    "total_energy_kwh": 0.01,
    "energy_per_transaction_kwh": 1e-05,
    "transactions": 1000,
    "blocks": 2,
    "carbon_credits_earned_usd": 0.00013930633367304287,
    "carbon_avoided_gco2": 2.7861266734608563,
    "verified_renewable_kwh": 0.006965316683652139,
    "verification_premium_usd": 1.393063336730428e-07,
    "blockchain_cost_usd": 0.0051,
    "net_benefit_usd": -0.004960554359993284
  },
  "node_stats": [
    {
      "node_id": "node_1",
      "name": "Solar Edge Node #1",
      "is_busy": false,
      "current_frequency": 2.1091742316597903,
      "tasks_completed": 252,
      "total_energy_kwh": 0.004046860923642083,
      "renewable_energy_kwh": 0.0016867935472744946,
      "grid_energy_kwh": 0.0023600673763675903,
      "renewable_percent": 41.681529933981984,
      "avg_task_time": 0.5036044057092156
    },
    {
      "node_id": "node_2",
      "name": "Wind Edge Node #2",
      "is_busy": false,
      "current_frequency": 1.8692361064146819,
      "tasks_completed": 238,
      "total_energy_kwh": 0.0032444411897891577,
      "renewable_energy_kwh": 0.0032444411897891577,
      "grid_energy_kwh": 0.0,
      "renewable_percent": 100.0,
      "avg_task_time": 0.5011183791542952
    },
    {
      "node_id": "node_3",
      "name": "Solar Edge Node #3",
      "is_busy": false,
      "current_frequency": 2.6478669863691473,
      "tasks_completed": 256,
      "total_energy_kwh": 0.004928902924314039,
      "renewable_energy_kwh": 0.002034081946588487,
      "grid_energy_kwh": 0.002894820977725552,
      "renewable_percent": 41.26845218546422,
      "avg_task_time": 0.48118340036284724
    },
    {
      "node_id": "node_4",
      "name": "Grid-Only Node #4",
      "is_busy": false,
      "current_frequency": 2.295709896767648,
      "tasks_completed": 254,
      "total_energy_kwh": 0.004434751769697169,
      "renewable_energy_kwh": 0.0,
      "grid_energy_kwh": 0.004434751769697169,
      "renewable_percent": 0.0,
      "avg_task_time": 0.4940217807029537
    }
  ],
  "scheduler_stats": {
    "total_tasks_scheduled": 1000,
    "node_utilization": {
      "node_3": 256,
      "node_1": 252,
      "node_2": 238,
      "node_4": 254
    },
    "avg_renewable_forecast": 50.0,
    "avg_frequency": 2.2373543619944454,
    "compression_rate": 1.0
  },
  "ablation_config": {
    "renewable_prediction": false,
    "dvfs": true,
    "model_compression": true,
    "blockchain": true
  }
}