{
  "method": "without_compression",
  "use_compression": false,
  "use_blockchain": true,
  "total_energy_kwh": 0.06646556325026351,
  "renewable_energy_kwh": 0.021825601812081426,
  "grid_energy_kwh": 0.044639961438182094,
  "renewable_percent": 32.837458594763206,
  "total_carbon_gco2": 17.85598457527284,
  "total_carbon_kg": 0.017855984575272838,
  "carbon_avoided_gco2": 8.730240724832582,
  "tasks_completed": 5000,
  "tasks_generated": 5000,
  "completion_rate": 1.0,
  "avg_latency_sec": 2.114842306936028,
  "std_latency_sec": 4.077035299831319,
  "max_latency_sec": 45.15640722556092,
  "operational_cost_usd": 0.005356795372581851,
  "carbon_credits_earned_usd": 8.730240724832568e-05,
  "net_cost_usd": 0.0052694929653335255,
  "blockchain_overhead": {
    "total_energy_kwh": 5.0,
    "energy_per_transaction_kwh": 0.001,
    "transactions": 5000,
    "blocks": 2,
    "carbon_credits_earned_usd": 8.730240724832568e-05,
    "carbon_avoided_gco2": 8.730240724832582,
    "verified_renewable_kwh": 0.021825601812081426,
    "verification_premium_usd": 2.1825601812081426e-05,
    "blockchain_energy_cost_usd": 0.6,
    "blockchain_tx_fees_usd": 0.5,
    "blockchain_cost_usd": 1.1,
    "net_benefit_usd": -1.0998908719909397,
    "roi_percent": -99.9900792719036
  },
  "node_stats": [
    {
      "node_id": "node_1",
      "name": "Solar Edge Node #1",
      "is_busy": false,
      "current_frequency": 1.5,
      "tasks_completed": 1325,
      "total_energy_kwh": 0.02792864144365785,
      "renewable_energy_kwh": 0.021174382477421066,
      "grid_energy_kwh": 0.0067542589662368015,
      "renewable_percent": 75.81601317821864,
      "avg_task_time": 5.341083192087482
    },
    {
      "node_id": "node_2",
      "name": "Grid-Only Node #2",
      "is_busy": false,
      "current_frequency": 2.298156465946189,
      "tasks_completed": 1211,
      "total_energy_kwh": 0.020710769719353577,
      "renewable_energy_kwh": 0.0,
      "grid_energy_kwh": 0.020710769719353577,
      "renewable_percent": 0.0,
      "avg_task_time": 1.0669073722146387
    },
    {
      "node_id": "node_3",
      "name": "Wind Edge Node #3",
      "is_busy": false,
      "current_frequency": 1.4,
      "tasks_completed": 1272,
      "total_energy_kwh": 0.0017512193346603563,
      "renewable_energy_kwh": 0.0006512193346603592,
      "grid_energy_kwh": 0.0011000000000000003,
      "renewable_percent": 37.18662315858117,
      "avg_task_time": 0.19920270488392153
    },
    {
      "node_id": "node_4",
      "name": "Grid-Only Node #4",
      "is_busy": false,
      "current_frequency": 3.3511363306231488,
      "tasks_completed": 1192,
      "total_energy_kwh": 0.016074932752591718,
      "renewable_energy_kwh": 0.0,
      "grid_energy_kwh": 0.016074932752591718,
      "renewable_percent": 0.0,
      "avg_task_time": 0.5472027154361966
    }
  ],
  "scheduler_stats": {
    "total_tasks_scheduled": 5036,
    "node_utilization": {
      "node_3": 1283,
      "node_2": 1217,
      "node_1": 1336,
      "node_4": 1200
    },
    "avg_renewable_forecast": 98.60308837890625,
    "avg_frequency": 2.1221186590500145,
    "compression_rate": 0.0
  },
  "ablation_config": {
    "renewable_prediction": true,
    "dvfs": true,
    "model_compression": false,
    "blockchain": true
  },
  "task_failures": 36,
  "retries_attempted": 36
}