{
  "method": "without_compression",
  "use_compression": false,
  "use_blockchain": true,
  "total_energy_kwh": 0.13292366824619076,
  "renewable_energy_kwh": 0.08140528611701643,
  "grid_energy_kwh": 0.051518382129173895,
  "renewable_percent": 61.24213030763187,
  "total_carbon_gco2": 20.607352851669557,
  "total_carbon_kg": 0.020607352851669557,
  "carbon_avoided_gco2": 32.56211444680641,
  "tasks_completed": 5000,
  "tasks_generated": 5000,
  "completion_rate": 1.0,
  "avg_latency_sec": 5.002985954557259,
  "std_latency_sec": 6.060761101886329,
  "max_latency_sec": 42.30270308227753,
  "operational_cost_usd": 0.006182205855500867,
  "carbon_credits_earned_usd": 0.000325621144468065,
  "net_cost_usd": 0.005856584711032802,
  "blockchain_overhead": {
    "total_energy_kwh": 5.0,
    "energy_per_transaction_kwh": 0.001,
    "transactions": 5000,
    "blocks": 2,
    "carbon_credits_earned_usd": 0.000325621144468065,
    "carbon_avoided_gco2": 32.56211444680641,
    "verified_renewable_kwh": 0.08140528611701638,
    "verification_premium_usd": 8.140528611701637e-05,
    "blockchain_energy_cost_usd": 0.6,
    "blockchain_tx_fees_usd": 0.5,
    "blockchain_cost_usd": 1.1,
    "net_benefit_usd": -1.099592973569415,
    "roi_percent": -99.96299759721954
  },
  "node_stats": [
    {
      "node_id": "node_1",
      "name": "Solar Edge Node #1",
      "is_busy": false,
      "current_frequency": 1.47301079835051,
      "tasks_completed": 2428,
      "total_energy_kwh": 0.10954731412208786,
      "renewable_energy_kwh": 0.07947700715364117,
      "grid_energy_kwh": 0.030070306968446234,
      "renewable_percent": 72.55039321645617,
      "avg_task_time": 9.96395213084145
    },
    {
      "node_id": "node_2",
      "name": "Grid-Only Node #2",
      "is_busy": false,
      "current_frequency": 1.92,
      "tasks_completed": 1,
      "total_energy_kwh": 4.807516072773846e-05,
      "renewable_energy_kwh": 0.0,
      "grid_energy_kwh": 4.807516072773846e-05,
      "renewable_percent": 0.0,
      "avg_task_time": 3.643993182661014
    },
    {
      "node_id": "node_3",
      "name": "Wind Edge Node #3",
      "is_busy": false,
      "current_frequency": 1.3370426335990335,
      "tasks_completed": 2159,
      "total_energy_kwh": 0.02332827896337516,
      "renewable_energy_kwh": 0.0019282789633752583,
      "grid_energy_kwh": 0.021399999999999926,
      "renewable_percent": 8.265843212877428,
      "avg_task_time": 0.3601713783791317
    },
    {
      "node_id": "node_4",
      "name": "Grid-Only Node #4",
      "is_busy": false,
      "current_frequency": 3.5,
      "tasks_completed": 0,
      "total_energy_kwh": 0.0,
      "renewable_energy_kwh": 0.0,
      "grid_energy_kwh": 0.0,
      "renewable_percent": 0,
      "avg_task_time": 0
    }
  ],
  "scheduler_stats": {
    "total_tasks_scheduled": 5000,
    "node_utilization": {
      "node_3": 2373,
      "node_2": 1,
      "node_1": 2626
    },
    "avg_renewable_forecast": 99.23994849630787,
    "avg_frequency": 1.4125909456788772,
    "compression_rate": 0.0
  },
  "ablation_config": {
    "renewable_prediction": true,
    "dvfs": true,
    "model_compression": false,
    "blockchain": true
  }
}