{
  "method": "without_compression",
  "use_compression": false,
  "use_blockchain": true,
  "total_energy_kwh": 0.13218697289072542,
  "renewable_energy_kwh": 0.08082455218152677,
  "grid_energy_kwh": 0.051362420709198324,
  "renewable_percent": 61.14411308014576,
  "total_carbon_gco2": 20.544968283679328,
  "total_carbon_kg": 0.020544968283679327,
  "carbon_avoided_gco2": 32.32982087261074,
  "tasks_completed": 5000,
  "tasks_generated": 5000,
  "completion_rate": 1.0,
  "avg_latency_sec": 5.002985954557259,
  "std_latency_sec": 6.060761101886329,
  "max_latency_sec": 42.30270308227753,
  "operational_cost_usd": 0.006163490485103799,
  "carbon_credits_earned_usd": 0.0003232982087261075,
  "net_cost_usd": 0.005840192276377692,
  "blockchain_overhead": {
    "total_energy_kwh": 5.0,
    "energy_per_transaction_kwh": 0.001,
    "transactions": 5000,
    "blocks": 2,
    "carbon_credits_earned_usd": 0.0003232982087261075,
    "carbon_avoided_gco2": 32.32982087261074,
    "verified_renewable_kwh": 0.08082455218152684,
    "verification_premium_usd": 8.082455218152685e-05,
    "blockchain_energy_cost_usd": 0.6,
    "blockchain_tx_fees_usd": 0.5,
    "blockchain_cost_usd": 1.1,
    "net_benefit_usd": -1.0995958772390924,
    "roi_percent": -99.96326156719022
  },
  "node_stats": [
    {
      "node_id": "node_1",
      "name": "Solar Edge Node #1",
      "is_busy": false,
      "current_frequency": 1.47301079835051,
      "tasks_completed": 2428,
      "total_energy_kwh": 0.10885466116020172,
      "renewable_energy_kwh": 0.07893598548701349,
      "grid_energy_kwh": 0.029918675673187862,
      "renewable_percent": 72.51502567340057,
      "avg_task_time": 9.96395213084145
    },
    {
      "node_id": "node_2",
      "name": "Grid-Only Node #2",
      "is_busy": false,
      "current_frequency": 1.92,
      "tasks_completed": 1,
      "total_energy_kwh": 4.374503601053561e-05,
      "renewable_energy_kwh": 0.0,
      "grid_energy_kwh": 4.374503601053561e-05,
      "renewable_percent": 0.0,
      "avg_task_time": 3.643993182661014
    },
    {
      "node_id": "node_3",
      "name": "Wind Edge Node #3",
      "is_busy": false,
      "current_frequency": 1.3370426335990335,
      "tasks_completed": 2159,
      "total_energy_kwh": 0.023288566694513176,
      "renewable_energy_kwh": 0.0018885666945132912,
      "grid_energy_kwh": 0.021399999999999926,
      "renewable_percent": 8.109415745874307,
      "avg_task_time": 0.3601713783791317
    },
    {
      "node_id": "node_4",
      "name": "Grid-Only Node #4",
      "is_busy": false,
      "current_frequency": 3.5,
      "tasks_completed": 0,
      "total_energy_kwh": 0.0,
      "renewable_energy_kwh": 0.0,
      "grid_energy_kwh": 0.0,
      "renewable_percent": 0,
      "avg_task_time": 0
    }
  ],
  "scheduler_stats": {
    "total_tasks_scheduled": 5000,
    "node_utilization": {
      "node_3": 2373,
      "node_2": 1,
      "node_1": 2626
    },
    "avg_renewable_forecast": 99.23994849630787,
    "avg_frequency": 1.4125909456788772,
    "compression_rate": 0.0
  },
  "ablation_config": {
    "renewable_prediction": true,
    "dvfs": true,
    "model_compression": false,
    "blockchain": true
  }
}