{
  "method": "without_dvfs",
  "use_compression": true,
  "use_blockchain": true,
  "total_energy_kwh": 0.017984677481498505,
  "renewable_energy_kwh": 0.01226865744148965,
  "grid_energy_kwh": 0.005716020040008852,
  "renewable_percent": 68.21727803632211,
  "total_carbon_gco2": 2.2864080160035405,
  "total_carbon_kg": 0.0022864080160035407,
  "carbon_avoided_gco2": 4.907462976595857,
  "tasks_completed": 1000,
  "tasks_generated": 1000,
  "completion_rate": 1.0,
  "avg_latency_sec": 0.431961226104416,
  "std_latency_sec": 0.16239410945645538,
  "max_latency_sec": 0.6719571149755575,
  "operational_cost_usd": 0.0006859224048010622,
  "carbon_credits_earned_usd": 0.000245373148829793,
  "net_cost_usd": 0.0004405492559712692,
  "blockchain_overhead": {
    "total_energy_kwh": 0.01,
    "energy_per_transaction_kwh": 1e-05,
    "transactions": 1000,
    "blocks": 2,
    "carbon_credits_earned_usd": 0.000245373148829793,
    "carbon_avoided_gco2": 4.907462976595857,
    "verified_renewable_kwh": 0.012268657441489646,
    "verification_premium_usd": 2.4537314882979293e-07,
    "blockchain_cost_usd": 0.0051,
    "net_benefit_usd": -0.004854381478021377
  },
  "node_stats": [
    {
      "node_id": "node_1",
      "name": "Solar Edge Node #1",
      "is_busy": false,
      "current_frequency": 2.4,
      "tasks_completed": 276,
      "total_energy_kwh": 0.004584749337353974,
      "renewable_energy_kwh": 0.002892413391068604,
      "grid_energy_kwh": 0.001692335946285371,
      "renewable_percent": 63.087710542926246,
      "avg_task_time": 0.42113435431910395
    },
    {
      "node_id": "node_2",
      "name": "Wind Edge Node #2",
      "is_busy": false,
      "current_frequency": 2.2,
      "tasks_completed": 309,
      "total_energy_kwh": 0.004871657298815692,
      "renewable_energy_kwh": 0.004871657298815692,
      "grid_energy_kwh": 0.0,
      "renewable_percent": 100.0,
      "avg_task_time": 0.44410933030819005
    },
    {
      "node_id": "node_3",
      "name": "Solar Edge Node #3",
      "is_busy": false,
      "current_frequency": 3.0,
      "tasks_completed": 315,
      "total_energy_kwh": 0.006610617144224719,
      "renewable_energy_kwh": 0.004504586751605353,
      "grid_energy_kwh": 0.0021060303926193607,
      "renewable_percent": 68.14169771638836,
      "avg_task_time": 0.4263538951450959
    },
    {
      "node_id": "node_4",
      "name": "Grid-Only Node #4",
      "is_busy": false,
      "current_frequency": 2.6,
      "tasks_completed": 100,
      "total_energy_kwh": 0.00191765370110412,
      "renewable_energy_kwh": 0.0,
      "grid_energy_kwh": 0.00191765370110412,
      "renewable_percent": 0.0,
      "avg_task_time": 0.4419688427640737
    }
  ],
  "scheduler_stats": {
    "total_tasks_scheduled": 1000,
    "node_utilization": {
      "node_2": 309,
      "node_3": 315,
      "node_1": 276,
      "node_4": 100
    },
    "avg_renewable_forecast": 25.874750607105668,
    "avg_frequency": 2.5471999999999997,
    "compression_rate": 1.0
  },
  "ablation_config": {
    "renewable_prediction": true,
    "dvfs": false,
    "model_compression": true,
    "blockchain": true
  }
}