{
  "method": "without_dvfs",
  "use_compression": true,
  "use_blockchain": true,
  "total_energy_kwh": 0.04328266450421671,
  "total_energy_kwh_std": 0.0019198657177697382,
  "total_energy_kwh_ci_lower": 0.041909275304439865,
  "total_energy_kwh_ci_upper": 0.04465605370399355,
  "total_energy_kwh_all_runs": [
    0.0414335222536283,
    0.04419413504752863,
    0.041428966348886154,
    0.04031563023339055,
    0.04377331659535384,
    0.04648446603974421,
    0.044238173426589,
    0.045166232617678874,
    0.04374209282877832,
    0.04205010965058917
  ],
  "renewable_energy_kwh": 0.013374339265604643,
  "renewable_energy_kwh_std": 0.0020618177722183657,
  "renewable_energy_kwh_ci_lower": 0.01189940368335874,
  "renewable_energy_kwh_ci_upper": 0.014849274847850546,
  "renewable_energy_kwh_all_runs": [
    0.011606022779884876,
    0.015571067883919779,
    0.01186019491415446,
    0.010890329065903974,
    0.01606234576534271,
    0.012325198208381153,
    0.016336485237158842,
    0.014359087605474894,
    0.011433041728232248,
    0.013299619467593492
  ],
  "grid_energy_kwh": 0.029908325238612067,
  "grid_energy_kwh_std": 0.0020233208511209813,
  "grid_energy_kwh_ci_lower": 0.028460928694732466,
  "grid_energy_kwh_ci_upper": 0.031355721782491665,
  "grid_energy_kwh_all_runs": [
    0.029827499473743423,
    0.02862306716360885,
    0.02956877143473171,
    0.02942530116748657,
    0.02771097083001115,
    0.034159267831363034,
    0.027901688189430146,
    0.030807145012203968,
    0.032309051100546084,
    0.028750490182995678
  ],
  "renewable_percent": 30.85795592557729,
  "renewable_percent_std": 4.223422863462988,
  "renewable_percent_ci_lower": 27.83670121328999,
  "renewable_percent_ci_upper": 33.87921063786459,
  "renewable_percent_all_runs": [
    28.011190332409036,
    35.233335525571114,
    28.627783793291112,
    27.012672263484287,
    36.694376882211365,
    26.514660183131095,
    36.92848047686329,
    31.791643387707502,
    26.13739075765105,
    31.62802565345308
  ],
  "total_carbon_gco2": 11.963330095444825,
  "total_carbon_gco2_std": 0.8093283404483927,
  "total_carbon_gco2_ci_lower": 11.384371477892984,
  "total_carbon_gco2_ci_upper": 12.542288712996665,
  "total_carbon_gco2_all_runs": [
    11.930999789497369,
    11.44922686544354,
    11.827508573892684,
    11.770120466994628,
    11.08438833200446,
    13.663707132545214,
    11.160675275772059,
    12.322858004881587,
    12.923620440218434,
    11.500196073198271
  ],
  "total_carbon_kg": 0.011963330095444823,
  "total_carbon_kg_std": 0.0008093283404483931,
  "total_carbon_kg_ci_lower": 0.011384371477892983,
  "total_carbon_kg_ci_upper": 0.012542288712996664,
  "total_carbon_kg_all_runs": [
    0.011930999789497368,
    0.01144922686544354,
    0.011827508573892684,
    0.011770120466994629,
    0.01108438833200446,
    0.013663707132545215,
    0.011160675275772058,
    0.012322858004881587,
    0.012923620440218433,
    0.011500196073198271
  ],
  "carbon_avoided_gco2": 5.349735706241857,
  "carbon_avoided_gco2_std": 0.8247271088873478,
  "carbon_avoided_gco2_ci_lower": 4.759761473343495,
  "carbon_avoided_gco2_ci_upper": 5.939709939140219,
  "carbon_avoided_gco2_all_runs": [
    4.642409111953943,
    6.228427153567923,
    4.744077965661784,
    4.356131626361579,
    6.424938306137087,
    4.930079283352464,
    6.5345940948635235,
    5.743635042189959,
    4.573216691292901,
    5.319847787037405
  ],
  "tasks_completed": 5000.0,
  "tasks_completed_std": 0.0,
  "tasks_completed_ci_lower": 5000.0,
  "tasks_completed_ci_upper": 5000.0,
  "tasks_completed_all_runs": [
    5000,
    5000,
    5000,
    5000,
    5000,
    5000,
    5000,
    5000,
    5000,
    5000
  ],
  "tasks_generated": 5000.0,
  "tasks_generated_std": 0.0,
  "tasks_generated_ci_lower": 5000.0,
  "tasks_generated_ci_upper": 5000.0,
  "tasks_generated_all_runs": [
    5000,
    5000,
    5000,
    5000,
    5000,
    5000,
    5000,
    5000,
    5000,
    5000
  ],
  "completion_rate": 1.0,
  "completion_rate_std": 0.0,
  "completion_rate_ci_lower": 1.0,
  "completion_rate_ci_upper": 1.0,
  "completion_rate_all_runs": [
    1.0,
    1.0,
    1.0,
    1.0,
    1.0,
    1.0,
    1.0,
    1.0,
    1.0,
    1.0
  ],
  "avg_latency_sec": 1.6844201387798496,
  "avg_latency_sec_std": 0.15181766178243047,
  "avg_latency_sec_ci_lower": 1.575816325972786,
  "avg_latency_sec_ci_upper": 1.7930239515869133,
  "avg_latency_sec_all_runs": [
    1.5248116589270664,
    1.8894837817275352,
    1.5742660696802835,
    1.4518161062708437,
    1.795405441584565,
    1.6842136034679824,
    1.891451695695418,
    1.7873306289274506,
    1.6107424543115763,
    1.6346799472057747
  ],
  "std_latency_sec": 3.7231899116382863,
  "std_latency_sec_std": 0.2676304256620591,
  "std_latency_sec_ci_lower": 3.531738638388333,
  "std_latency_sec_ci_upper": 3.9146411848882394,
  "std_latency_sec_all_runs": [
    3.3161307493948957,
    4.126245895754131,
    3.611348733644426,
    3.311177977611952,
    3.7067682441198935,
    3.863092388686213,
    3.8702452389420916,
    3.9239037771393193,
    3.9109687537506908,
    3.5920173573392455
  ],
  "max_latency_sec": 44.31449936052515,
  "max_latency_sec_std": 2.7377980652910616,
  "max_latency_sec_ci_lower": 42.35599660731767,
  "max_latency_sec_ci_upper": 46.27300211373262,
  "max_latency_sec_all_runs": [
    42.94138406086096,
    44.72201563282714,
    44.024712120658364,
    41.529958621987255,
    47.66359909375132,
    40.75613126777917,
    43.071012058249494,
    48.522105961109524,
    47.56628140116863,
    42.347793386859536
  ],
  "operational_cost_usd": 0.0035889990286334466,
  "operational_cost_usd_std": 0.0002427985021345177,
  "operational_cost_usd_ci_lower": 0.0034153114433678948,
  "operational_cost_usd_ci_upper": 0.0037626866138989984,
  "operational_cost_usd_all_runs": [
    0.003579299936849211,
    0.003434768059633062,
    0.003548252572167805,
    0.003531036140098388,
    0.003325316499601338,
    0.004099112139763564,
    0.0033482025827316175,
    0.003696857401464476,
    0.00387708613206553,
    0.003450058821959481
  ],
  "carbon_credits_earned_usd": 5.349735706241859e-05,
  "carbon_credits_earned_usd_std": 8.24727108887348e-06,
  "carbon_credits_earned_usd_ci_lower": 4.759761473343497e-05,
  "carbon_credits_earned_usd_ci_upper": 5.9397099391402214e-05,
  "carbon_credits_earned_usd_all_runs": [
    4.642409111953944e-05,
    6.2284271535679e-05,
    4.744077965661783e-05,
    4.3561316263616e-05,
    6.424938306137098e-05,
    4.930079283352468e-05,
    6.534594094863546e-05,
    5.743635042189964e-05,
    4.5732166912928935e-05,
    5.3198477870373976e-05
  ],
  "net_cost_usd": 0.0035355016715710287,
  "net_cost_usd_std": 0.00024749841841896736,
  "net_cost_usd_ci_lower": 0.0033584519687338285,
  "net_cost_usd_ci_upper": 0.003712551374408229,
  "net_cost_usd_all_runs": [
    0.003532875845729671,
    0.003372483788097383,
    0.0035008117925111873,
    0.003487474823834772,
    0.0032610671165399672,
    0.004049811346930039,
    0.003282856641782982,
    0.0036394210510425763,
    0.003831353965152601,
    0.0033968603440891073
  ],
  "blockchain_overhead": {
    "total_energy_kwh": 5.0,
    "energy_per_transaction_kwh": 0.001,
    "transactions": 5000,
    "blocks": 2,
    "carbon_credits_earned_usd": 4.642409111953944e-05,
    "carbon_avoided_gco2": 4.642409111953943,
    "verified_renewable_kwh": 0.01160602277988492,
    "verification_premium_usd": 1.1606022779884919e-05,
    "blockchain_energy_cost_usd": 0.6,
    "blockchain_tx_fees_usd": 0.5,
    "blockchain_cost_usd": 1.1,
    "net_benefit_usd": -1.0999419698861006,
    "roi_percent": -99.99472453510005
  },
  "node_stats": [
    {
      "node_id": "node_1",
      "name": "Solar Edge Node #1",
      "is_busy": false,
      "current_frequency": 1.5,
      "tasks_completed": 1264,
      "total_energy_kwh": 0.015343235894599653,
      "renewable_energy_kwh": 0.01117680356624712,