{
  "method": "without_compression",
  "use_compression": false,
  "use_blockchain": true,
  "total_energy_kwh": 0.025078693781308503,
  "renewable_energy_kwh": 0.01805761215613142,
  "grid_energy_kwh": 0.007021081625177086,
  "renewable_percent": 72.00379857738048,
  "total_carbon_gco2": 2.8084326500708343,
  "total_carbon_kg": 0.0028084326500708344,
  "carbon_avoided_gco2": 7.223044862452567,
  "tasks_completed": 1000,
  "tasks_generated": 1000,
  "completion_rate": 1.0,
  "avg_latency_sec": 0.6416634329535797,
  "std_latency_sec": 0.24377310501898145,
  "max_latency_sec": 1.0564559353161924,
  "operational_cost_usd": 0.0008425297950212503,
  "carbon_credits_earned_usd": 0.0003611522431226284,
  "net_cost_usd": 0.00048137755189862186,
  "blockchain_overhead": {
    "total_energy_kwh": 0.01,
    "energy_per_transaction_kwh": 1e-05,
    "transactions": 1000,
    "blocks": 2,
    "carbon_credits_earned_usd": 0.0003611522431226284,
    "carbon_avoided_gco2": 7.223044862452567,
    "verified_renewable_kwh": 0.018057612156131428,
    "verification_premium_usd": 3.6115224312262857e-07,
    "blockchain_cost_usd": 0.0051,
    "net_benefit_usd": -0.004738486604634249
  },
  "node_stats": [
    {
      "node_id": "node_1",
      "name": "Solar Edge Node #1",
      "is_busy": false,
      "current_frequency": 2.2840391752413742,
      "tasks_completed": 256,
      "total_energy_kwh": 0.0059251563313165905,
      "renewable_energy_kwh": 0.004180907397084237,
      "grid_energy_kwh": 0.0017442489342323582,
      "renewable_percent": 70.56197614545006,
      "avg_task_time": 0.626848472647737
    },
    {
      "node_id": "node_2",
      "name": "Wind Edge Node #2",
      "is_busy": false,
      "current_frequency": 1.8561008283257094,
      "tasks_completed": 347,
      "total_energy_kwh": 0.007460566441363917,
      "renewable_energy_kwh": 0.007460566441363917,
      "grid_energy_kwh": 0.0,
      "renewable_percent": 100.0,
      "avg_task_time": 0.6470081049041634
    },
    {
      "node_id": "node_3",
      "name": "Solar Edge Node #3",
      "is_busy": false,
      "current_frequency": 2.738663389474277,
      "tasks_completed": 295,
      "total_energy_kwh": 0.008884832766062067,
      "renewable_energy_kwh": 0.006416138317683269,
      "grid_energy_kwh": 0.002468694448378799,
      "renewable_percent": 72.21450855205042,
      "avg_task_time": 0.6393489240789693
    },
    {
      "node_id": "node_4",
      "name": "Grid-Only Node #4",
      "is_busy": false,
      "current_frequency": 2.198687752840723,
      "tasks_completed": 102,
      "total_energy_kwh": 0.0028081382425659287,
      "renewable_energy_kwh": 0.0,
      "grid_energy_kwh": 0.0028081382425659287,
      "renewable_percent": 0.0,
      "avg_task_time": 0.6673576367717519
    }
  ],
  "scheduler_stats": {
    "total_tasks_scheduled": 1000,
    "node_utilization": {
      "node_2": 347,
      "node_3": 295,
      "node_1": 256,
      "node_4": 102
    },
    "avg_renewable_forecast": 29.9381787751617,
    "avg_frequency": 2.1338936182666104,
    "compression_rate": 0.0
  },
  "ablation_config": {
    "renewable_prediction": true,
    "dvfs": true,
    "model_compression": false,
    "blockchain": true
  }
}