{
  "method": "without_blockchain",
  "use_compression": true,
  "use_blockchain": false,
  "total_energy_kwh": 0.01614843785706086,
  "renewable_energy_kwh": 0.011336215964557618,
  "grid_energy_kwh": 0.004812221892503239,
  "renewable_percent": 70.20007795739133,
  "total_carbon_gco2": 1.9248887570012956,
  "total_carbon_kg": 0.0019248887570012957,
  "carbon_avoided_gco2": 0.0,
  "tasks_completed": 1000,
  "tasks_generated": 1000,
  "completion_rate": 1.0,
  "avg_latency_sec": 0.5141308130727003,
  "std_latency_sec": 0.1967914111666376,
  "max_latency_sec": 0.8392284233885101,
  "operational_cost_usd": 0.0005774666271003887,
  "carbon_credits_earned_usd": 0.0,
  "net_cost_usd": 0.0005774666271003887,
  "blockchain_overhead": {},
  "node_stats": [
    {
      "node_id": "node_1",
      "name": "Solar Edge Node #1",
      "is_busy": false,
      "current_frequency": 2.2226104180360498,
      "tasks_completed": 257,
      "total_energy_kwh": 0.004003470000900947,
      "renewable_energy_kwh": 0.002661486947803364,
      "grid_energy_kwh": 0.0013419830530975805,
      "renewable_percent": 66.47950271150823,
      "avg_task_time": 0.5243772967774618
    },
    {
      "node_id": "node_2",
      "name": "Wind Edge Node #2",
      "is_busy": false,
      "current_frequency": 1.9796852833982506,
      "tasks_completed": 339,
      "total_energy_kwh": 0.004533961486769399,
      "renewable_energy_kwh": 0.004533961486769399,
      "grid_energy_kwh": 0.0,
      "renewable_percent": 100.0,
      "avg_task_time": 0.5023830778644167
    },
    {
      "node_id": "node_3",
      "name": "Solar Edge Node #3",
      "is_busy": false,
      "current_frequency": 2.876986521618516,
      "tasks_completed": 300,
      "total_energy_kwh": 0.005825788958313233,
      "renewable_energy_kwh": 0.004140767529984855,
      "grid_energy_kwh": 0.0016850214283283761,
      "renewable_percent": 71.07651100330537,
      "avg_task_time": 0.5180722787455736
    },
    {
      "node_id": "node_4",
      "name": "Grid-Only Node #4",
      "is_busy": false,
      "current_frequency": 2.2105833024487342,
      "tasks_completed": 104,
      "total_energy_kwh": 0.0017852174110772824,
      "renewable_energy_kwh": 0.0,
      "grid_energy_kwh": 0.0017852174110772824,
      "renewable_percent": 0.0,
      "avg_task_time": 0.5157336613575293
    }
  ],
  "scheduler_stats": {
    "total_tasks_scheduled": 1000,
    "node_utilization": {
      "node_2": 339,
      "node_3": 300,
      "node_1": 257,
      "node_4": 104
    },
    "avg_renewable_forecast": 29.70545868185011,
    "avg_frequency": 2.1396802664220433,
    "compression_rate": 1.0
  },
  "ablation_config": {
    "renewable_prediction": true,
    "dvfs": true,
    "model_compression": true,
    "blockchain": false
  }
}