{
  "method": "without_renewable_prediction",
  "use_compression": true,
  "use_blockchain": true,
  "total_energy_kwh": 0.03617415586070516,
  "total_energy_kwh_std": 0.005880523619059262,
  "total_energy_kwh_ci_lower": 0.03196748267898357,
  "total_energy_kwh_ci_upper": 0.04038082904242675,
  "total_energy_kwh_all_runs": [
    0.03214698652778489,
    0.04027828273871848,
    0.031205292787679858,
    0.03208614019856855,
    0.04089580558299815,
    0.03274621241731831,
    0.04807511643711676,
    0.03444975998266064,
    0.02968448372800998,
    0.04017347820619596
  ],
  "renewable_energy_kwh": 0.03617415586070516,
  "renewable_energy_kwh_std": 0.005880523619059261,
  "renewable_energy_kwh_ci_lower": 0.03196748267898357,
  "renewable_energy_kwh_ci_upper": 0.04038082904242675,
  "renewable_energy_kwh_all_runs": [
    0.03214698652778489,
    0.040278282738718474,
    0.031205292787679858,
    0.03208614019856855,
    0.04089580558299815,
    0.03274621241731831,
    0.04807511643711676,
    0.03444975998266064,
    0.02968448372800998,
    0.04017347820619596
  ],
  "grid_energy_kwh": 0.0,
  "grid_energy_kwh_std": 0.0,
  "grid_energy_kwh_ci_lower": 0.0,
  "grid_energy_kwh_ci_upper": 0.0,
  "grid_energy_kwh_all_runs": [
    0.0,
    0.0,
    0.0,
    0.0,
    0.0,
    0.0,
    0.0,
    0.0,
    0.0,
    0.0
  ],
  "renewable_percent": 100.0,
  "renewable_percent_std": 9.473903143468002e-15,
  "renewable_percent_ci_lower": 100.0,
  "renewable_percent_ci_upper": 100.0,
  "renewable_percent_all_runs": [
    100.0,
    99.99999999999997,
    100.0,
    100.0,
    100.0,
    100.0,
    100.0,
    100.0,
    100.0,
    100.0
  ],
  "total_carbon_gco2": 0.0,
  "total_carbon_gco2_std": 0.0,
  "total_carbon_gco2_ci_lower": 0.0,
  "total_carbon_gco2_ci_upper": 0.0,
  "total_carbon_gco2_all_runs": [
    0.0,
    0.0,
    0.0,
    0.0,
    0.0,
    0.0,
    0.0,
    0.0,
    0.0,
    0.0
  ],
  "total_carbon_kg": 0.0,
  "total_carbon_kg_std": 0.0,
  "total_carbon_kg_ci_lower": 0.0,
  "total_carbon_kg_ci_upper": 0.0,
  "total_carbon_kg_all_runs": [
    0.0,
    0.0,
    0.0,
    0.0,
    0.0,
    0.0,
    0.0,
    0.0,
    0.0,
    0.0
  ],
  "carbon_avoided_gco2": 14.429662344282082,
  "carbon_avoided_gco2_std": 2.320642430938484,
  "carbon_avoided_gco2_ci_lower": 12.769574754980669,
  "carbon_avoided_gco2_ci_upper": 16.089749933583498,
  "carbon_avoided_gco2_all_runs": [
    12.858794611113957,
    16.111313095487393,
    12.482117115071983,
    12.834456079427438,
    16.278322233199304,
    13.018484966927344,
    19.150046574846712,
    13.779903993064265,
    11.87379349120401,
    15.909391282478412
  ],
  "tasks_completed": 5000.0,
  "tasks_completed_std": 0.0,
  "tasks_completed_ci_lower": 5000.0,
  "tasks_completed_ci_upper": 5000.0,
  "tasks_completed_all_runs": [
    5000,
    5000,
    5000,
    5000,
    5000,
    5000,
    5000,
    5000,
    5000,
    5000
  ],
  "tasks_generated": 5000.0,
  "tasks_generated_std": 0.0,
  "tasks_generated_ci_lower": 5000.0,
  "tasks_generated_ci_upper": 5000.0,
  "tasks_generated_all_runs": [
    5000,
    5000,
    5000,
    5000,
    5000,
    5000,
    5000,
    5000,
    5000,
    5000
  ],
  "completion_rate": 1.0,
  "completion_rate_std": 0.0,
  "completion_rate_ci_lower": 1.0,
  "completion_rate_ci_upper": 1.0,
  "completion_rate_all_runs": [
    1.0,
    1.0,
    1.0,
    1.0,
    1.0,
    1.0,
    1.0,
    1.0,
    1.0,
    1.0
  ],
  "avg_latency_sec": 2.5511687195634054,
  "avg_latency_sec_std": 0.40234655588824875,
  "avg_latency_sec_ci_lower": 2.2633473322081232,
  "avg_latency_sec_ci_upper": 2.8389901069186876,
  "avg_latency_sec_all_runs": [
    2.264256542707429,
    2.853759956313646,
    2.231862458055153,
    2.234264094566867,
    2.921172838951156,
    2.3253906462473415,
    3.3350113374417387,
    2.4702672325817354,
    2.0870200326573065,
    2.7886820561116794
  ],
  "std_latency_sec": 4.341993366670041,
  "std_latency_sec_std": 0.4144264342494618,
  "std_latency_sec_ci_lower": 4.045530554905566,
  "std_latency_sec_ci_upper": 4.638456178434517,
  "std_latency_sec_all_runs": [
    3.876856454755274,
    4.341304096911433,
    3.9755023855067444,
    4.0696756347655105,
    4.746855599238632,
    4.255405333985958,
    5.137373458714364,
    4.431439946014394,
    3.902869915625163,
    4.6826508411829515
  ],
  "max_latency_sec": 47.75651389343341,
  "max_latency_sec_std": 3.3283054513953285,
  "max_latency_sec_ci_lower": 45.37558760353912,
  "max_latency_sec_ci_upper": 50.1374401833277,
  "max_latency_sec_all_runs": [
    48.52192894675805,
    45.7353049161817,
    45.72560404960648,
    44.795203625416335,
    54.10107206574085,
    43.06470368309381,
    52.08956796352399,
    47.19551214398565,
    47.70012881562383,
    48.63611272440339
  ],
  "operational_cost_usd": 0.0,
  "operational_cost_usd_std": 0.0,
  "operational_cost_usd_ci_lower": 0.0,
  "operational_cost_usd_ci_upper": 0.0,
  "operational_cost_usd_all_runs": [
    0.0,
    0.0,
    0.0,
    0.0,
    0.0,
    0.0,
    0.0,
    0.0,
    0.0,
    0.0
  ],
  "carbon_credits_earned_usd": 0.00014429662344282073,
  "carbon_credits_earned_usd_std": 2.3206424309384884e-05,
  "carbon_credits_earned_usd_ci_lower": 0.00012769574754980655,
  "carbon_credits_earned_usd_ci_upper": 0.0001608974993358349,
  "carbon_credits_earned_usd_all_runs": [
    0.00012858794611113916,
    0.00016111313095487414,
    0.00012482117115071941,
    0.00012834456079427472,
    0.00016278322233199247,
    0.00013018484966927335,
    0.00019150046574846727,
    0.00013779903993064256,
    0.00011873793491204013,
    0.00015909391282478407
  ],
  "net_cost_usd": -0.00014429662344282073,
  "net_cost_usd_std": 2.3206424309384884e-05,
  "net_cost_usd_ci_lower": -0.0001608974993358349,
  "net_cost_usd_ci_upper": -0.00012769574754980655,
  "net_cost_usd_all_runs": [
    -0.00012858794611113916,
    -0.00016111313095487414,
    -0.00012482117115071941,
    -0.00012834456079427472,
    -0.00016278322233199247,
    -0.00013018484966927335,
    -0.00019150046574846727,
    -0.00013779903993064256,
    -0.00011873793491204013,
    -0.00015909391282478407
  ],
  "blockchain_overhead": {
    "total_energy_kwh": 5.0,
    "energy_per_transaction_kwh": 0.001,
    "transactions": 5000,
    "blocks": 2,
    "carbon_credits_earned_usd": 0.00012858794611113916,
    "carbon_avoided_gco2": 12.858794611113957,
    "verified_renewable_kwh": 0.0321469865277849,
    "verification_premium_usd": 3.2146986527784905e-05,
    "blockchain_energy_cost_usd": 0.6,
    "blockchain_tx_fees_usd": 0.5,
    "blockchain_cost_usd": 1.1,
    "net_benefit_usd": -1.0998392650673612,
    "roi_percent": -99.98538773339646
  },
  "node_stats": [
    {
      "node_id": "node_1",
      "name": "Solar Edge Node #1",
      "is_busy": false,
      "current_frequency": 1.4454018775167903,
      "tasks_completed": 2448,
      "total_energy_kwh": 0.02998197512106494,
      "renewable_energy_kwh": 0.02998197512106494,
      "grid_energy_kwh": 0.0,
      "renewable_percent": 100.0,
      "avg_task_time": 3.94939387174004
    },
    {
      "node_id": "node_2",
      "name": "Grid-Only Node #2",
      "is_busy": false,
      "current_frequency": 2.4,
      "tasks_completed": 0,
      "total_energy_kwh": 0.0,
      "renewable_energy_kwh": 0.0,
      "grid_energy_kwh": 0.0,
      "renewable_percent": 0,
      "avg_task_time": 0
    },
    {
      "node_id": "node_3",
      "name": "Wind Edge Node #3",
      "is_busy": false,
      "current_frequency": 1.4,
      "tasks_completed": 2552,
      "total_energy_kwh": 0.0021650114067199447,
      "renewable_energy_kwh": 0.0021650114067199447,
      "grid_energy_kwh": 0.0,
      "renewable_percent": 100.0,
      "avg_task_time": 0.18409737246846739
    },
    {
      "node_id": "node_4",
      "name": "Grid-Only Node #4",
      "is_busy": false,
      "current_frequency": 3.5,
      "tasks_completed": 0,
      "total_energy_kwh": 0.0,
      "renewable_energy_kwh": 0.0,