{
  "method": "without_renewable_prediction",
  "use_compression": true,
  "use_blockchain": true,
  "total_energy_kwh": 0.09910404879546408,
  "renewable_energy_kwh": 0.01628460385335783,
  "grid_energy_kwh": 0.08281944494210622,
  "renewable_percent": 16.431824987258405,
  "total_carbon_gco2": 33.12777797684249,
  "total_carbon_kg": 0.033127777976842486,
  "carbon_avoided_gco2": 6.513841541343131,
  "tasks_completed": 5000,
  "tasks_generated": 5000,
  "completion_rate": 1.0,
  "avg_latency_sec": 2.097848152881989,
  "std_latency_sec": 2.8131795578448777,
  "max_latency_sec": 23.03299600353885,
  "operational_cost_usd": 0.009938333393052745,
  "carbon_credits_earned_usd": 6.513841541343144e-05,
  "net_cost_usd": 0.009873194977639313,
  "blockchain_overhead": {
    "total_energy_kwh": 5.0,
    "energy_per_transaction_kwh": 0.001,
    "transactions": 5000,
    "blocks": 2,
    "carbon_credits_earned_usd": 6.513841541343144e-05,
    "carbon_avoided_gco2": 6.513841541343131,
    "verified_renewable_kwh": 0.01628460385335787,
    "verification_premium_usd": 1.628460385335787e-05,
    "blockchain_energy_cost_usd": 0.6,
    "blockchain_tx_fees_usd": 0.5,
    "blockchain_cost_usd": 1.1,
    "net_benefit_usd": -1.0999185769807334,
    "roi_percent": -99.99259790733939
  },
  "node_stats": [
    {
      "node_id": "node_1",
      "name": "Solar Edge Node #1",
      "is_busy": false,
      "current_frequency": 1.3426537636549347,
      "tasks_completed": 1197,
      "total_energy_kwh": 0.029265601740929625,
      "renewable_energy_kwh": 0.015635270343800734,
      "grid_energy_kwh": 0.013630331397128879,
      "renewable_percent": 53.425418968692895,
      "avg_task_time": 6.058569511429029
    },
    {
      "node_id": "node_2",
      "name": "Grid-Only Node #2",
      "is_busy": false,
      "current_frequency": 2.0956873690885747,
      "tasks_completed": 1152,
      "total_energy_kwh": 0.033592375856884696,
      "renewable_energy_kwh": 0.0,
      "grid_energy_kwh": 0.033592375856884696,
      "renewable_percent": 0.0,
      "avg_task_time": 1.763134378367531
    },
    {
      "node_id": "node_3",
      "name": "Wind Edge Node #3",
      "is_busy": false,
      "current_frequency": 1.245934875921837,
      "tasks_completed": 1105,
      "total_energy_kwh": 0.012349333509557104,
      "renewable_energy_kwh": 0.000649333509557097,
      "grid_energy_kwh": 0.011699999999999985,
      "renewable_percent": 5.258044971047063,
      "avg_task_time": 0.31635578574615614
    },
    {
      "node_id": "node_4",
      "name": "Grid-Only Node #4",
      "is_busy": false,
      "current_frequency": 3.0594856316418966,
      "tasks_completed": 1124,
      "total_energy_kwh": 0.02389673768809266,
      "renewable_energy_kwh": 0.0,
      "grid_energy_kwh": 0.02389673768809266,
      "renewable_percent": 0.0,
      "avg_task_time": 0.7244031246445781
    }
  ],
  "scheduler_stats": {
    "total_tasks_scheduled": 5000,
    "node_utilization": {
      "node_2": 1258,
      "node_1": 1294,
      "node_4": 1226,
      "node_3": 1222
    },
    "avg_renewable_forecast": 50.0,
    "avg_frequency": 1.9294460966504725,
    "compression_rate": 1.0
  },
  "ablation_config": {
    "renewable_prediction": false,
    "dvfs": true,
    "model_compression": true,
    "blockchain": true
  }
}