{
  "method": "without_compression",
  "use_compression": false,
  "use_blockchain": true,
  "total_energy_kwh": 0.06666582049865996,
  "total_energy_kwh_std": 0.0018939536983804634,
  "total_energy_kwh_ci_lower": 0.06531096764090134,
  "total_energy_kwh_ci_upper": 0.06802067335641858,
  "total_energy_kwh_all_runs": [
    0.06646556325026351,
    0.06927123256764049,
    0.06417524363309479,
    0.06411294782909094,
    0.0657055957276729,
    0.06936757066182914,
    0.0681041683075876,
    0.06732796084233067,
    0.06526336468736721,
    0.06686455747972227
  ],
  "renewable_energy_kwh": 0.021969780384626512,
  "renewable_energy_kwh_std": 0.003876354978005996,
  "renewable_energy_kwh_ci_lower": 0.019196803081047643,
  "renewable_energy_kwh_ci_upper": 0.024742757688205382,
  "renewable_energy_kwh_all_runs": [
    0.021825601812081426,
    0.02428497439557384,
    0.01948935782909279,
    0.017737506389982498,
    0.02464292861906616,
    0.01975642023470722,
    0.0292696237364062,
    0.02080876373757389,
    0.01664051385733229,
    0.02524211323444882
  ],
  "grid_energy_kwh": 0.044696040114033435,
  "grid_energy_kwh_std": 0.003379931580859495,
  "grid_energy_kwh_ci_lower": 0.042278182715897505,
  "grid_energy_kwh_ci_upper": 0.047113897512169364,
  "grid_energy_kwh_all_runs": [
    0.044639961438182094,
    0.04498625817206666,
    0.044685885804001985,
    0.046375441439108434,
    0.041062667108606746,
    0.049611150427121935,
    0.0388345445711814,
    0.046519197104756785,
    0.048622850830034925,
    0.04162244424527345
  ],
  "renewable_percent": 32.9048989787451,
  "renewable_percent_std": 5.406390563176932,
  "renewable_percent_ci_lower": 29.037400152906294,
  "renewable_percent_ci_upper": 36.77239780458391,
  "renewable_percent_all_runs": [
    32.837458594763206,
    35.0578060984559,
    30.36896585935553,
    27.666028455385096,
    37.50506839813556,
    28.48077285425043,
    42.977727301818064,
    30.906570579649774,
    25.497480764354975,
    37.75111088128249
  ],
  "total_carbon_gco2": 17.878416045613378,
  "total_carbon_gco2_std": 1.3519726323437975,
  "total_carbon_gco2_ci_lower": 16.911273086359007,
  "total_carbon_gco2_ci_upper": 18.84555900486775,
  "total_carbon_gco2_all_runs": [
    17.85598457527284,
    17.994503268826666,
    17.874354321600794,
    18.550176575643373,
    16.4250668434427,
    19.844460170848773,
    15.533817828472559,
    18.607678841902715,
    19.449140332013968,
    16.64897769810938
  ],
  "total_carbon_kg": 0.017878416045613375,
  "total_carbon_kg_std": 0.0013519726323437974,
  "total_carbon_kg_ci_lower": 0.016911273086359004,
  "total_carbon_kg_ci_upper": 0.018845559004867746,
  "total_carbon_kg_all_runs": [
    0.017855984575272838,
    0.017994503268826664,
    0.017874354321600793,
    0.018550176575643375,
    0.0164250668434427,
    0.019844460170848774,
    0.01553381782847256,
    0.018607678841902713,
    0.01944914033201397,
    0.01664897769810938
  ],
  "carbon_avoided_gco2": 8.787912153850606,
  "carbon_avoided_gco2_std": 1.5505419912024012,
  "carbon_avoided_gco2_ci_lower": 7.678721232419056,
  "carbon_avoided_gco2_ci_upper": 9.897103075282155,
  "carbon_avoided_gco2_all_runs": [
    8.730240724832582,
    9.71398975822954,
    7.795743131637116,
    7.095002555993006,
    9.857171447626465,
    7.902568093882876,
    11.707849494562492,
    8.323505495029528,
    6.656205542932924,
    10.09684529377954
  ],
  "tasks_completed": 5000.0,
  "tasks_completed_std": 0.0,
  "tasks_completed_ci_lower": 5000.0,
  "tasks_completed_ci_upper": 5000.0,
  "tasks_completed_all_runs": [
    5000,
    5000,
    5000,
    5000,
    5000,
    5000,
    5000,
    5000,
    5000,
    5000
  ],
  "tasks_generated": 5000.0,
  "tasks_generated_std": 0.0,
  "tasks_generated_ci_lower": 5000.0,
  "tasks_generated_ci_upper": 5000.0,
  "tasks_generated_all_runs": [
    5000,
    5000,
    5000,
    5000,
    5000,
    5000,
    5000,
    5000,
    5000,
    5000
  ],
  "completion_rate": 1.0,
  "completion_rate_std": 0.0,
  "completion_rate_ci_lower": 1.0,
  "completion_rate_ci_upper": 1.0,
  "completion_rate_all_runs": [
    1.0,
    1.0,
    1.0,
    1.0,
    1.0,
    1.0,
    1.0,
    1.0,
    1.0,
    1.0
  ],
  "avg_latency_sec": 2.1462052576746733,
  "avg_latency_sec_std": 0.20218079044003004,
  "avg_latency_sec_ci_lower": 2.0015738329752164,
  "avg_latency_sec_ci_upper": 2.29083668237413,
  "avg_latency_sec_all_runs": [
    2.114842306936028,
    2.418796739465352,
    1.9700277439541565,
    1.9289843356641585,
    2.2692640335138448,
    2.024450295391313,
    2.4773640391872482,
    2.1713505409306517,
    1.8806797679404779,
    2.2062927737635034
  ],
  "std_latency_sec": 4.141303371290256,
  "std_latency_sec_std": 0.30592810455062913,
  "std_latency_sec_ci_lower": 3.9224555889640405,
  "std_latency_sec_ci_upper": 4.360151153616472,
  "std_latency_sec_all_runs": [
    4.077035299831319,
    4.636448100652488,
    3.847781104216866,
    3.8830019133163587,
    4.402585536467831,
    3.8530451379048154,
    4.614868593663789,
    4.1489061313725815,
    3.9078029652468205,
    4.04155893022969
  ],
  "max_latency_sec": 45.54761798212968,
  "max_latency_sec_std": 2.3286088972398034,
  "max_latency_sec_ci_lower": 43.881831526143294,
  "max_latency_sec_ci_upper": 47.213404438116065,
  "max_latency_sec_all_runs": [
    45.15640722556092,
    47.46190959114021,
    42.23987979709119,
    44.45017165835638,
    45.880209382272625,
    41.494562072855004,
    48.5427058449393,
    47.34640256995153,
    45.34314904337046,
    47.560782635759196
  ],
  "operational_cost_usd": 0.005363524813684012,
  "operational_cost_usd_std": 0.0004055917897031395,
  "operational_cost_usd_ci_lower": 0.005073381925907701,
  "operational_cost_usd_ci_upper": 0.005653667701460323,
  "operational_cost_usd_all_runs": [
    0.005356795372581851,
    0.005398350980647999,
    0.005362306296480238,
    0.005565052972693012,
    0.004927520053032809,
    0.005953338051254632,
    0.004660145348541768,
    0.005582303652570814,
    0.005834742099604191,
    0.004994693309432813
  ],
  "carbon_credits_earned_usd": 8.787912153850603e-05,
  "carbon_credits_earned_usd_std": 1.5505419912023994e-05,
  "carbon_credits_earned_usd_ci_lower": 7.678721232419055e-05,
  "carbon_credits_earned_usd_ci_upper": 9.897103075282151e-05,
  "carbon_credits_earned_usd_all_runs": [
    8.730240724832568e-05,
    9.71398975822955e-05,
    7.795743131637115e-05,
    7.095002555992977e-05,
    9.857171447626465e-05,
    7.902568093882906e-05,
    0.00011707849494562479,
    8.323505495029534e-05,
    6.656205542932921e-05,
    0.00010096845293779517
  ],
  "net_cost_usd": 0.0052756456921455065,
  "net_cost_usd_std": 0.0004191889314174901,
  "net_cost_usd_ci_lower": 0.004975775995142133,
  "net_cost_usd_ci_upper": 0.00557551538914888,
  "net_cost_usd_all_runs": [
    0.0052694929653335255,
    0.005301211083065704,
    0.005284348865163866,
    0.005494102947133083,
    0.004828948338556544,
    0.005874312370315804,
    0.004543066853596143,
    0.005499068597620518,
    0.005768180044174861,
    0.0048937248564950185
  ],
  "blockchain_overhead": {
    "total_energy_kwh": 5.0,
    "energy_per_transaction_kwh": 0.001,
    "transactions": 5000,
    "blocks": 2,
    "carbon_credits_earned_usd": 8.730240724832568e-05,
    "carbon_avoided_gco2": 8.730240724832582,
    "verified_renewable_kwh": 0.021825601812081426,
    "verification_premium_usd": 2.1825601812081426e-05,
    "blockchain_energy_cost_usd": 0.6,
    "blockchain_tx_fees_usd": 0.5,
    "blockchain_cost_usd": 1.1,
    "net_benefit_usd": -1.0998908719909397,
    "roi_percent": -99.9900792719036
  },
  "node_stats": [
    {
      "node_id": "node_1",
      "name": "Solar Edge Node #1",
      "is_busy": false,
      "current_frequency": 1.5,
      "tasks_completed": 1325,
      "total_energy_kwh": 0.02792864144365785,
      "renewable_energy_kwh": 0.021174382477421066,